{
    "sheets": {
        "2": {
            "rowid": 2,
            "ref": "MO2308-0002",
            "status": 2,
            "label": "Controle technique v\u00e9hicule l\u00e9ger",
            "description": "",
            "element_linked": "{\"productlot\":1}",
            "mandatory_questions": "{}"
        }
    },
    "element_element": {
        "2": [
            1
        ]
    },
    "questions": {
        "1": {
            "rowid": 1,
            "ref": "QU2308-0001",
            "status": 2,
            "type": "OkKoToFixNonApplicable",
            "label": "Contr\u00f4le technique d'une voiture particuli\u00e8re",
            "description": "Lire la documentation sur le site<br \/>\r\n<a href=\"https:\/\/www.service-public.fr\/particuliers\/vosdroits\/F2878\" target=\"_blank\">www.service-public.fr\/particuliers\/vosdroits\/F2878<\/a>",
            "show_photo": null,
            "authorize_answer_photo": true,
            "enter_comment": true,
            "answers": {
                "1": {
                    "rowid": 1,
                    "ref": "AN2308-0001",
                    "status": 1,
                    "value": "OK",
                    "position": 1,
                    "pictogram": "check",
                    "color": "#47e58e",
                    "fk_question": 1
                },
                "2": {
                    "rowid": 2,
                    "ref": "AN2308-0002",
                    "status": 1,
                    "value": "KO",
                    "position": 2,
                    "pictogram": "times",
                    "color": "#e05353",
                    "fk_question": 1
                },
                "3": {
                    "rowid": 3,
                    "ref": "AN2308-0003",
                    "status": 1,
                    "value": "A r\u00e9parer",
                    "position": 3,
                    "pictogram": "tools",
                    "color": "#e9ad4f",
                    "fk_question": 1
                },
                "4": {
                    "rowid": 4,
                    "ref": "AN2308-0004",
                    "status": 1,
                    "value": "NA",
                    "position": 4,
                    "pictogram": "N\/A",
                    "color": "#2b2b2b",
                    "fk_question": 1
                }
            }
        }
    }
}