{
    "sheets": {
        "5": {
            "rowid": 5,
            "ref": "MO2310-0005",
            "status": 2,
            "label": "Entretien et v\u00e9rification des v\u00e9hicules l\u00e9gers",
            "description": "Entretien et v&eacute;rification des v&eacute;hicules l&eacute;gers",
            "element_linked": "{\"productlot\":1}",
            "mandatory_questions": "{}"
        }
    },
    "element_element": {
        "5": [
            9,
            10,
            11,
            12,
            13,
            14,
            15,
            16,
            17,
            18,
            19,
            20,
            21,
            22,
            23,
            24,
            25,
            26,
            27,
            28,
            29,
            30,
            31,
            32,
            33,
            34,
            35,
            36,
            37
        ]
    },
    "questions": {
        "9": {
            "rowid": 9,
            "ref": "QU2310-0009",
            "status": 2,
            "type": "OkKoToFixNonApplicable",
            "label": "Feux de position AV",
            "description": "Feux de position AV",
            "show_photo": null,
            "authorize_answer_photo": true,
            "enter_comment": true,
            "answers": {
                "33": {
                    "rowid": 33,
                    "ref": "AN2310-0033",
                    "status": 1,
                    "value": "OK",
                    "position": 1,
                    "pictogram": "check",
                    "color": "#47e58e",
                    "fk_question": 9
                },
                "34": {
                    "rowid": 34,
                    "ref": "AN2310-0034",
                    "status": 1,
                    "value": "KO",
                    "position": 2,
                    "pictogram": "times",
                    "color": "#e05353",
                    "fk_question": 9
                },
                "35": {
                    "rowid": 35,
                    "ref": "AN2310-0035",
                    "status": 1,
                    "value": "A r\u00e9parer",
                    "position": 3,
                    "pictogram": "tools",
                    "color": "#e9ad4f",
                    "fk_question": 9
                },
                "36": {
                    "rowid": 36,
                    "ref": "AN2310-0036",
                    "status": 1,
                    "value": "NA",
                    "position": 4,
                    "pictogram": "N\/A",
                    "color": "#2b2b2b",
                    "fk_question": 9
                }
            }
        },
        "10": {
            "rowid": 10,
            "ref": "QU2310-0010",
            "status": 2,
            "type": "OkKoToFixNonApplicable",
            "label": "Feux de croisement",
            "description": "Feux de croisement",
            "show_photo": null,
            "authorize_answer_photo": true,
            "enter_comment": true,
            "answers": {
                "37": {
                    "rowid": 37,
                    "ref": "AN2310-0037",
                    "status": 1,
                    "value": "OK",
                    "position": 1,
                    "pictogram": "check",
                    "color": "#47e58e",
                    "fk_question": 10
                },
                "38": {
                    "rowid": 38,
                    "ref": "AN2310-0038",
                    "status": 1,
                    "value": "KO",
                    "position": 2,
                    "pictogram": "times",
                    "color": "#e05353",
                    "fk_question": 10
                },
                "39": {
                    "rowid": 39,
                    "ref": "AN2310-0039",
                    "status": 1,
                    "value": "A r\u00e9parer",
                    "position": 3,
                    "pictogram": "tools",
                    "color": "#e9ad4f",
                    "fk_question": 10
                },
                "40": {
                    "rowid": 40,
                    "ref": "AN2310-0040",
                    "status": 1,
                    "value": "NA",
                    "position": 4,
                    "pictogram": "N\/A",
                    "color": "#2b2b2b",
                    "fk_question": 10
                }
            }
        },
        "11": {
            "rowid": 11,
            "ref": "QU2310-0011",
            "status": 2,
            "type": "OkKoToFixNonApplicable",
            "label": "Feux de route",
            "description": "Feux de route",
            "show_photo": null,
            "authorize_answer_photo": true,
            "enter_comment": true,
            "answers": {
                "41": {
                    "rowid": 41,
                    "ref": "AN2310-0041",
                    "status": 1,
                    "value": "OK",
                    "position": 1,
                    "pictogram": "check",
                    "color": "#47e58e",
                    "fk_question": 11
                },
                "42": {
                    "rowid": 42,
                    "ref": "AN2310-0042",
                    "status": 1,
                    "value": "KO",
                    "position": 2,
                    "pictogram": "times",
                    "color": "#e05353",
                    "fk_question": 11
                },
                "43": {
                    "rowid": 43,
                    "ref": "AN2310-0043",
                    "status": 1,
                    "value": "A r\u00e9parer",
                    "position": 3,
                    "pictogram": "tools",
                    "color": "#e9ad4f",
                    "fk_question": 11
                },
                "44": {
                    "rowid": 44,
                    "ref": "AN2310-0044",
                    "status": 1,
                    "value": "NA",
                    "position": 4,
                    "pictogram": "N\/A",
                    "color": "#2b2b2b",
                    "fk_question": 11
                }
            }
        },
        "12": {
            "rowid": 12,
            "ref": "QU2310-0012",
            "status": 2,
            "type": "OkKoToFixNonApplicable",
            "label": "Clignotants",
            "description": "Clignotants",
            "show_photo": null,
            "authorize_answer_photo": true,
            "enter_comment": true,
            "answers": {
                "45": {
                    "rowid": 45,
                    "ref": "AN2310-0045",
                    "status": 1,
                    "value": "OK",
                    "position": 1,
                    "pictogram": "check",
                    "color": "#47e58e",
                    "fk_question": 12
                },
                "46": {
                    "rowid": 46,
                    "ref": "AN2310-0046",
                    "status": 1,
                    "value": "KO",
                    "position": 2,
                    "pictogram": "times",
                    "color": "#e05353",
                    "fk_question": 12
                },
                "47": {
                    "rowid": 47,
                    "ref": "AN2310-0047",
                    "status": 1,
                    "value": "A r\u00e9parer",
                    "position": 3,
                    "pictogram": "tools",
                    "color": "#e9ad4f",
                    "fk_question": 12
                },
                "48": {
                    "rowid": 48,
                    "ref": "AN2310-0048",
                    "status": 1,
                    "value": "NA",
                    "position": 4,
                    "pictogram": "N\/A",
                    "color": "#2b2b2b",
                    "fk_question": 12
                }
            }
        },
        "13": {
            "rowid": 13,
            "ref": "QU2310-0013",
            "status": 2,
            "type": "OkKoToFixNonApplicable",
            "label": "Feux stop",
            "description": "Feux stop",
            "show_photo": null,
            "authorize_answer_photo": true,
            "enter_comment": true,
            "answers": {
                "49": {
                    "rowid": 49,
                    "ref": "AN2310-0049",
                    "status": 1,
                    "value": "OK",
                    "position": 1,
                    "pictogram": "check",
                    "color": "#47e58e",
                    "fk_question": 13
                },
                "50": {
                    "rowid": 50,
                    "ref": "AN2310-0050",
                    "status": 1,
                    "value": "KO",
                    "position": 2,
                    "pictogram": "times",
                    "color": "#e05353",
                    "fk_question": 13
                },
                "51": {
                    "rowid": 51,
                    "ref": "AN2310-0051",
                    "status": 1,
                    "value": "A r\u00e9parer",
                    "position": 3,
                    "pictogram": "tools",
                    "color": "#e9ad4f",
                    "fk_question": 13
                },
                "52": {
                    "rowid": 52,
                    "ref": "AN2310-0052",
                    "status": 1,
                    "value": "NA",
                    "position": 4,
                    "pictogram": "N\/A",
                    "color": "#2b2b2b",
                    "fk_question": 13
                }
            }
        },
        "14": {
            "rowid": 14,
            "ref": "QU2310-0014",
            "status": 2,
            "type": "OkKoToFixNonApplicable",
            "label": "Feux de recul",
            "description": "Feux de recul",
            "show_photo": null,
            "authorize_answer_photo": true,
            "enter_comment": true,
            "answers": {
                "53": {
                    "rowid": 53,
                    "ref": "AN2310-0053",
                    "status": 1,
                    "value": "OK",
                    "position": 1,
                    "pictogram": "check",
                    "color": "#47e58e",
                    "fk_question": 14
                },
                "54": {
                    "rowid": 54,
                    "ref": "AN2310-0054",
                    "status": 1,
                    "value": "KO",
                    "position": 2,
                    "pictogram": "times",
                    "color": "#e05353",
                    "fk_question": 14
                },
                "55": {
                    "rowid": 55,
                    "ref": "AN2310-0055",
                    "status": 1,
                    "value": "A r\u00e9parer",
                    "position": 3,
                    "pictogram": "tools",
                    "color": "#e9ad4f",
                    "fk_question": 14
                },
                "56": {
                    "rowid": 56,
                    "ref": "AN2310-0056",
                    "status": 1,
                    "value": "NA",
                    "position": 4,
                    "pictogram": "N\/A",
                    "color": "#2b2b2b",
                    "fk_question": 14
                }
            }
        },
        "15": {
            "rowid": 15,
            "ref": "QU2310-0015",
            "status": 2,
            "type": "OkKoToFixNonApplicable",
            "label": "Feux de plaque",
            "description": "Feux de plaque",
            "show_photo": null,
            "authorize_answer_photo": true,
            "enter_comment": true,
            "answers": {
                "57": {
                    "rowid": 57,
                    "ref": "AN2310-0057",
                    "status": 1,
                    "value": "OK",
                    "position": 1,
                    "pictogram": "check",
                    "color": "#47e58e",
                    "fk_question": 15
                },
                "58": {
                    "rowid": 58,
                    "ref": "AN2310-0058",
                    "status": 1,
                    "value": "KO",
                    "position": 2,
                    "pictogram": "times",
                    "color": "#e05353",
                    "fk_question": 15
                },
                "59": {
                    "rowid": 59,
                    "ref": "AN2310-0059",
                    "status": 1,
                    "value": "A r\u00e9parer",
                    "position": 3,
                    "pictogram": "tools",
                    "color": "#e9ad4f",
                    "fk_question": 15
                },
                "60": {
                    "rowid": 60,
                    "ref": "AN2310-0060",
                    "status": 1,
                    "value": "NA",
                    "position": 4,
                    "pictogram": "N\/A",
                    "color": "#2b2b2b",
                    "fk_question": 15
                }
            }
        },
        "16": {
            "rowid": 16,
            "ref": "QU2310-0016",
            "status": 2,
            "type": "OkKoToFixNonApplicable",
            "label": "Feux anti-brouillard",
            "description": "Feux anti-brouillard",
            "show_photo": null,
            "authorize_answer_photo": true,
            "enter_comment": true,
            "answers": {
                "61": {
                    "rowid": 61,
                    "ref": "AN2310-0061",
                    "status": 1,
                    "value": "OK",
                    "position": 1,
                    "pictogram": "check",
                    "color": "#47e58e",
                    "fk_question": 16
                },
                "62": {
                    "rowid": 62,
                    "ref": "AN2310-0062",
                    "status": 1,
                    "value": "KO",
                    "position": 2,
                    "pictogram": "times",
                    "color": "#e05353",
                    "fk_question": 16
                },
                "63": {
                    "rowid": 63,
                    "ref": "AN2310-0063",
                    "status": 1,
                    "value": "A r\u00e9parer",
                    "position": 3,
                    "pictogram": "tools",
                    "color": "#e9ad4f",
                    "fk_question": 16
                },
                "64": {
                    "rowid": 64,
                    "ref": "AN2310-0064",
                    "status": 1,
                    "value": "NA",
                    "position": 4,
                    "pictogram": "N\/A",
                    "color": "#2b2b2b",
                    "fk_question": 16
                }
            }
        },
        "17": {
            "rowid": 17,
            "ref": "QU2310-0017",
            "status": 2,
            "type": "OkKoToFixNonApplicable",
            "label": "Avertisseur sonore",
            "description": "Avertisseur sonore",
            "show_photo": null,
            "authorize_answer_photo": true,
            "enter_comment": true,
            "answers": {
                "65": {
                    "rowid": 65,
                    "ref": "AN2310-0065",
                    "status": 1,
                    "value": "OK",
                    "position": 1,
                    "pictogram": "check",
                    "color": "#47e58e",
                    "fk_question": 17
                },
                "66": {
                    "rowid": 66,
                    "ref": "AN2310-0066",
                    "status": 1,
                    "value": "KO",
                    "position": 2,
                    "pictogram": "times",
                    "color": "#e05353",
                    "fk_question": 17
                },
                "67": {
                    "rowid": 67,
                    "ref": "AN2310-0067",
                    "status": 1,
                    "value": "A r\u00e9parer",
                    "position": 3,
                    "pictogram": "tools",
                    "color": "#e9ad4f",
                    "fk_question": 17
                },
                "68": {
                    "rowid": 68,
                    "ref": "AN2310-0068",
                    "status": 1,
                    "value": "NA",
                    "position": 4,
                    "pictogram": "N\/A",
                    "color": "#2b2b2b",
                    "fk_question": 17
                }
            }
        },
        "18": {
            "rowid": 18,
            "ref": "QU2310-0018",
            "status": 2,
            "type": "OkKoToFixNonApplicable",
            "label": "Pneumatiques AR",
            "description": "Pneumatiques AR",
            "show_photo": null,
            "authorize_answer_photo": true,
            "enter_comment": true,
            "answers": {
                "69": {
                    "rowid": 69,
                    "ref": "AN2310-0069",
                    "status": 1,
                    "value": "OK",
                    "position": 1,
                    "pictogram": "check",
                    "color": "#47e58e",
                    "fk_question": 18
                },
                "70": {
                    "rowid": 70,
                    "ref": "AN2310-0070",
                    "status": 1,
                    "value": "KO",
                    "position": 2,
                    "pictogram": "times",
                    "color": "#e05353",
                    "fk_question": 18
                },
                "71": {
                    "rowid": 71,
                    "ref": "AN2310-0071",
                    "status": 1,
                    "value": "A r\u00e9parer",
                    "position": 3,
                    "pictogram": "tools",
                    "color": "#e9ad4f",
                    "fk_question": 18
                },
                "72": {
                    "rowid": 72,
                    "ref": "AN2310-0072",
                    "status": 1,
                    "value": "NA",
                    "position": 4,
                    "pictogram": "N\/A",
                    "color": "#2b2b2b",
                    "fk_question": 18
                }
            }
        },
        "19": {
            "rowid": 19,
            "ref": "QU2310-0019",
            "status": 2,
            "type": "OkKoToFixNonApplicable",
            "label": "Pneumatiques AV",
            "description": "Pneumatiques AV",
            "show_photo": null,
            "authorize_answer_photo": true,
            "enter_comment": true,
            "answers": {
                "73": {
                    "rowid": 73,
                    "ref": "AN2310-0073",
                    "status": 1,
                    "value": "OK",
                    "position": 1,
                    "pictogram": "check",
                    "color": "#47e58e",
                    "fk_question": 19
                },
                "74": {
                    "rowid": 74,
                    "ref": "AN2310-0074",
                    "status": 1,
                    "value": "KO",
                    "position": 2,
                    "pictogram": "times",
                    "color": "#e05353",
                    "fk_question": 19
                },
                "75": {
                    "rowid": 75,
                    "ref": "AN2310-0075",
                    "status": 1,
                    "value": "A r\u00e9parer",
                    "position": 3,
                    "pictogram": "tools",
                    "color": "#e9ad4f",
                    "fk_question": 19
                },
                "76": {
                    "rowid": 76,
                    "ref": "AN2310-0076",
                    "status": 1,
                    "value": "NA",
                    "position": 4,
                    "pictogram": "N\/A",
                    "color": "#2b2b2b",
                    "fk_question": 19
                }
            }
        },
        "20": {
            "rowid": 20,
            "ref": "QU2310-0020",
            "status": 2,
            "type": "OkKoToFixNonApplicable",
            "label": "Roue de secours",
            "description": "Roue de secours",
            "show_photo": null,
            "authorize_answer_photo": true,
            "enter_comment": true,
            "answers": {
                "77": {
                    "rowid": 77,
                    "ref": "AN2310-0077",
                    "status": 1,
                    "value": "OK",
                    "position": 1,
                    "pictogram": "check",
                    "color": "#47e58e",
                    "fk_question": 20
                },
                "78": {
                    "rowid": 78,
                    "ref": "AN2310-0078",
                    "status": 1,
                    "value": "KO",
                    "position": 2,
                    "pictogram": "times",
                    "color": "#e05353",
                    "fk_question": 20
                },
                "79": {
                    "rowid": 79,
                    "ref": "AN2310-0079",
                    "status": 1,
                    "value": "A r\u00e9parer",
                    "position": 3,
                    "pictogram": "tools",
                    "color": "#e9ad4f",
                    "fk_question": 20
                },
                "80": {
                    "rowid": 80,
                    "ref": "AN2310-0080",
                    "status": 1,
                    "value": "NA",
                    "position": 4,
                    "pictogram": "N\/A",
                    "color": "#2b2b2b",
                    "fk_question": 20
                }
            }
        },
        "21": {
            "rowid": 21,
            "ref": "QU2310-0021",
            "status": 2,
            "type": "OkKoToFixNonApplicable",
            "label": "R\u00e9troviseurs",
            "description": "R&eacute;troviseurs",
            "show_photo": null,
            "authorize_answer_photo": true,
            "enter_comment": true,
            "answers": {
                "81": {
                    "rowid": 81,
                    "ref": "AN2310-0081",
                    "status": 1,
                    "value": "OK",
                    "position": 1,
                    "pictogram": "check",
                    "color": "#47e58e",
                    "fk_question": 21
                },
                "82": {
                    "rowid": 82,
                    "ref": "AN2310-0082",
                    "status": 1,
                    "value": "KO",
                    "position": 2,
                    "pictogram": "times",
                    "color": "#e05353",
                    "fk_question": 21
                },
                "83": {
                    "rowid": 83,
                    "ref": "AN2310-0083",
                    "status": 1,
                    "value": "A r\u00e9parer",
                    "position": 3,
                    "pictogram": "tools",
                    "color": "#e9ad4f",
                    "fk_question": 21
                },
                "84": {
                    "rowid": 84,
                    "ref": "AN2310-0084",
                    "status": 1,
                    "value": "NA",
                    "position": 4,
                    "pictogram": "N\/A",
                    "color": "#2b2b2b",
                    "fk_question": 21
                }
            }
        },
        "22": {
            "rowid": 22,
            "ref": "QU2310-0022",
            "status": 2,
            "type": "OkKoToFixNonApplicable",
            "label": "Niveau d'huile et liquide de frein",
            "description": "Niveau d&#39;huile et liquide de frein",
            "show_photo": null,
            "authorize_answer_photo": true,
            "enter_comment": true,
            "answers": {
                "85": {
                    "rowid": 85,
                    "ref": "AN2310-0085",
                    "status": 1,
                    "value": "OK",
                    "position": 1,
                    "pictogram": "check",
                    "color": "#47e58e",
                    "fk_question": 22
                },
                "86": {
                    "rowid": 86,
                    "ref": "AN2310-0086",
                    "status": 1,
                    "value": "KO",
                    "position": 2,
                    "pictogram": "times",
                    "color": "#e05353",
                    "fk_question": 22
                },
                "87": {
                    "rowid": 87,
                    "ref": "AN2310-0087",
                    "status": 1,
                    "value": "A r\u00e9parer",
                    "position": 3,
                    "pictogram": "tools",
                    "color": "#e9ad4f",
                    "fk_question": 22
                },
                "88": {
                    "rowid": 88,
                    "ref": "AN2310-0088",
                    "status": 1,
                    "value": "NA",
                    "position": 4,
                    "pictogram": "N\/A",
                    "color": "#2b2b2b",
                    "fk_question": 22
                }
            }
        },
        "23": {
            "rowid": 23,
            "ref": "QU2310-0023",
            "status": 2,
            "type": "OkKoToFixNonApplicable",
            "label": "Carrosserie gauche",
            "description": "Carrosserie gauche (Conducteur)",
            "show_photo": false,
            "authorize_answer_photo": true,
            "enter_comment": true,
            "answers": {
                "89": {
                    "rowid": 89,
                    "ref": "AN2310-0089",
                    "status": 1,
                    "value": "OK",
                    "position": 1,
                    "pictogram": "check",
                    "color": "#47e58e",
                    "fk_question": 23
                },
                "90": {
                    "rowid": 90,
                    "ref": "AN2310-0090",
                    "status": 1,
                    "value": "KO",
                    "position": 2,
                    "pictogram": "times",
                    "color": "#e05353",
                    "fk_question": 23
                },
                "91": {
                    "rowid": 91,
                    "ref": "AN2310-0091",
                    "status": 1,
                    "value": "A r\u00e9parer",
                    "position": 3,
                    "pictogram": "tools",
                    "color": "#e9ad4f",
                    "fk_question": 23
                },
                "92": {
                    "rowid": 92,
                    "ref": "AN2310-0092",
                    "status": 1,
                    "value": "NA",
                    "position": 4,
                    "pictogram": "N\/A",
                    "color": "#2b2b2b",
                    "fk_question": 23
                }
            }
        },
        "24": {
            "rowid": 24,
            "ref": "QU2310-0024",
            "status": 2,
            "type": "OkKoToFixNonApplicable",
            "label": "Carrosserie avant",
            "description": "Carrosserie avant",
            "show_photo": null,
            "authorize_answer_photo": true,
            "enter_comment": true,
            "answers": {
                "93": {
                    "rowid": 93,
                    "ref": "AN2310-0093",
                    "status": 1,
                    "value": "OK",
                    "position": 1,
                    "pictogram": "check",
                    "color": "#47e58e",
                    "fk_question": 24
                },
                "94": {
                    "rowid": 94,
                    "ref": "AN2310-0094",
                    "status": 1,
                    "value": "KO",
                    "position": 2,
                    "pictogram": "times",
                    "color": "#e05353",
                    "fk_question": 24
                },
                "95": {
                    "rowid": 95,
                    "ref": "AN2310-0095",
                    "status": 1,
                    "value": "A r\u00e9parer",
                    "position": 3,
                    "pictogram": "tools",
                    "color": "#e9ad4f",
                    "fk_question": 24
                },
                "96": {
                    "rowid": 96,
                    "ref": "AN2310-0096",
                    "status": 1,
                    "value": "NA",
                    "position": 4,
                    "pictogram": "N\/A",
                    "color": "#2b2b2b",
                    "fk_question": 24
                }
            }
        },
        "25": {
            "rowid": 25,
            "ref": "QU2310-0025",
            "status": 2,
            "type": "OkKoToFixNonApplicable",
            "label": "Carrosserie droite",
            "description": "Carrosserie droite (Passagers)",
            "show_photo": null,
            "authorize_answer_photo": true,
            "enter_comment": true,
            "answers": {
                "97": {
                    "rowid": 97,
                    "ref": "AN2310-0097",
                    "status": 1,
                    "value": "OK",
                    "position": 1,
                    "pictogram": "check",
                    "color": "#47e58e",
                    "fk_question": 25
                },
                "98": {
                    "rowid": 98,
                    "ref": "AN2310-0098",
                    "status": 1,
                    "value": "KO",
                    "position": 2,
                    "pictogram": "times",
                    "color": "#e05353",
                    "fk_question": 25
                },
                "99": {
                    "rowid": 99,
                    "ref": "AN2310-0099",
                    "status": 1,
                    "value": "A r\u00e9parer",
                    "position": 3,
                    "pictogram": "tools",
                    "color": "#e9ad4f",
                    "fk_question": 25
                },
                "100": {
                    "rowid": 100,
                    "ref": "AN2310-0100",
                    "status": 1,
                    "value": "NA",
                    "position": 4,
                    "pictogram": "N\/A",
                    "color": "#2b2b2b",
                    "fk_question": 25
                }
            }
        },
        "26": {
            "rowid": 26,
            "ref": "QU2310-0026",
            "status": 2,
            "type": "OkKoToFixNonApplicable",
            "label": "Carrosserie arri\u00e8re",
            "description": "Carrosserie arri&egrave;re",
            "show_photo": null,
            "authorize_answer_photo": true,
            "enter_comment": true,
            "answers": {
                "101": {
                    "rowid": 101,
                    "ref": "AN2310-0101",
                    "status": 1,
                    "value": "OK",
                    "position": 1,
                    "pictogram": "check",
                    "color": "#47e58e",
                    "fk_question": 26
                },
                "102": {
                    "rowid": 102,
                    "ref": "AN2310-0102",
                    "status": 1,
                    "value": "KO",
                    "position": 2,
                    "pictogram": "times",
                    "color": "#e05353",
                    "fk_question": 26
                },
                "103": {
                    "rowid": 103,
                    "ref": "AN2310-0103",
                    "status": 1,
                    "value": "A r\u00e9parer",
                    "position": 3,
                    "pictogram": "tools",
                    "color": "#e9ad4f",
                    "fk_question": 26
                },
                "104": {
                    "rowid": 104,
                    "ref": "AN2310-0104",
                    "status": 1,
                    "value": "NA",
                    "position": 4,
                    "pictogram": "N\/A",
                    "color": "#2b2b2b",
                    "fk_question": 26
                }
            }
        },
        "27": {
            "rowid": 27,
            "ref": "QU2310-0027",
            "status": 2,
            "type": "OkKoToFixNonApplicable",
            "label": "Pr\u00e9sence de la trousse de premiers secours",
            "description": "Pr&eacute;sence de la trousse de premiers secours<br \/>\r\nValidit&eacute; de la trousse",
            "show_photo": null,
            "authorize_answer_photo": true,
            "enter_comment": true,
            "answers": {
                "105": {
                    "rowid": 105,
                    "ref": "AN2310-0105",
                    "status": 1,
                    "value": "OK",
                    "position": 1,
                    "pictogram": "check",
                    "color": "#47e58e",
                    "fk_question": 27
                },
                "106": {
                    "rowid": 106,
                    "ref": "AN2310-0106",
                    "status": 1,
                    "value": "KO",
                    "position": 2,
                    "pictogram": "times",
                    "color": "#e05353",
                    "fk_question": 27
                },
                "107": {
                    "rowid": 107,
                    "ref": "AN2310-0107",
                    "status": 1,
                    "value": "A r\u00e9parer",
                    "position": 3,
                    "pictogram": "tools",
                    "color": "#e9ad4f",
                    "fk_question": 27
                },
                "108": {
                    "rowid": 108,
                    "ref": "AN2310-0108",
                    "status": 1,
                    "value": "NA",
                    "position": 4,
                    "pictogram": "N\/A",
                    "color": "#2b2b2b",
                    "fk_question": 27
                }
            }
        },
        "28": {
            "rowid": 28,
            "ref": "QU2310-0028",
            "status": 2,
            "type": "OkKoToFixNonApplicable",
            "label": "Cric",
            "description": "Cric",
            "show_photo": null,
            "authorize_answer_photo": true,
            "enter_comment": true,
            "answers": {
                "109": {
                    "rowid": 109,
                    "ref": "AN2310-0109",
                    "status": 1,
                    "value": "OK",
                    "position": 1,
                    "pictogram": "check",
                    "color": "#47e58e",
                    "fk_question": 28
                },
                "110": {
                    "rowid": 110,
                    "ref": "AN2310-0110",
                    "status": 1,
                    "value": "KO",
                    "position": 2,
                    "pictogram": "times",
                    "color": "#e05353",
                    "fk_question": 28
                },
                "111": {
                    "rowid": 111,
                    "ref": "AN2310-0111",
                    "status": 1,
                    "value": "A r\u00e9parer",
                    "position": 3,
                    "pictogram": "tools",
                    "color": "#e9ad4f",
                    "fk_question": 28
                },
                "112": {
                    "rowid": 112,
                    "ref": "AN2310-0112",
                    "status": 1,
                    "value": "NA",
                    "position": 4,
                    "pictogram": "N\/A",
                    "color": "#2b2b2b",
                    "fk_question": 28
                }
            }
        },
        "29": {
            "rowid": 29,
            "ref": "QU2310-0029",
            "status": 2,
            "type": "OkKoToFixNonApplicable",
            "label": "Cl\u00e9 d\u00e9monte roue ou kit anticrevaison",
            "description": "Cl&eacute; d&eacute;monte roue ou kit anticrevaison",
            "show_photo": null,
            "authorize_answer_photo": true,
            "enter_comment": true,
            "answers": {
                "113": {
                    "rowid": 113,
                    "ref": "AN2310-0113",
                    "status": 1,
                    "value": "OK",
                    "position": 1,
                    "pictogram": "check",
                    "color": "#47e58e",
                    "fk_question": 29
                },
                "114": {
                    "rowid": 114,
                    "ref": "AN2310-0114",
                    "status": 1,
                    "value": "KO",
                    "position": 2,
                    "pictogram": "times",
                    "color": "#e05353",
                    "fk_question": 29
                },
                "115": {
                    "rowid": 115,
                    "ref": "AN2310-0115",
                    "status": 1,
                    "value": "A r\u00e9parer",
                    "position": 3,
                    "pictogram": "tools",
                    "color": "#e9ad4f",
                    "fk_question": 29
                },
                "116": {
                    "rowid": 116,
                    "ref": "AN2310-0116",
                    "status": 1,
                    "value": "NA",
                    "position": 4,
                    "pictogram": "N\/A",
                    "color": "#2b2b2b",
                    "fk_question": 29
                }
            }
        },
        "30": {
            "rowid": 30,
            "ref": "QU2310-0030",
            "status": 2,
            "type": "OkKoToFixNonApplicable",
            "label": "Gilet fluo de s\u00e9curit\u00e9",
            "description": "Gilet fluo de s&eacute;curit&eacute;",
            "show_photo": null,
            "authorize_answer_photo": true,
            "enter_comment": true,
            "answers": {
                "117": {
                    "rowid": 117,
                    "ref": "AN2310-0117",
                    "status": 1,
                    "value": "OK",
                    "position": 1,
                    "pictogram": "check",
                    "color": "#47e58e",
                    "fk_question": 30
                },
                "118": {
                    "rowid": 118,
                    "ref": "AN2310-0118",
                    "status": 1,
                    "value": "KO",
                    "position": 2,
                    "pictogram": "times",
                    "color": "#e05353",
                    "fk_question": 30
                },
                "119": {
                    "rowid": 119,
                    "ref": "AN2310-0119",
                    "status": 1,
                    "value": "A r\u00e9parer",
                    "position": 3,
                    "pictogram": "tools",
                    "color": "#e9ad4f",
                    "fk_question": 30
                },
                "120": {
                    "rowid": 120,
                    "ref": "AN2310-0120",
                    "status": 1,
                    "value": "NA",
                    "position": 4,
                    "pictogram": "N\/A",
                    "color": "#2b2b2b",
                    "fk_question": 30
                }
            }
        },
        "31": {
            "rowid": 31,
            "ref": "QU2310-0031",
            "status": 2,
            "type": "OkKoToFixNonApplicable",
            "label": "Triangle de signalisation",
            "description": "Triangle de signalisation",
            "show_photo": null,
            "authorize_answer_photo": true,
            "enter_comment": true,
            "answers": {
                "121": {
                    "rowid": 121,
                    "ref": "AN2310-0121",
                    "status": 1,
                    "value": "OK",
                    "position": 1,
                    "pictogram": "check",
                    "color": "#47e58e",
                    "fk_question": 31
                },
                "122": {
                    "rowid": 122,
                    "ref": "AN2310-0122",
                    "status": 1,
                    "value": "KO",
                    "position": 2,
                    "pictogram": "times",
                    "color": "#e05353",
                    "fk_question": 31
                },
                "123": {
                    "rowid": 123,
                    "ref": "AN2310-0123",
                    "status": 1,
                    "value": "A r\u00e9parer",
                    "position": 3,
                    "pictogram": "tools",
                    "color": "#e9ad4f",
                    "fk_question": 31
                },
                "124": {
                    "rowid": 124,
                    "ref": "AN2310-0124",
                    "status": 1,
                    "value": "NA",
                    "position": 4,
                    "pictogram": "N\/A",
                    "color": "#2b2b2b",
                    "fk_question": 31
                }
            }
        },
        "32": {
            "rowid": 32,
            "ref": "QU2310-0032",
            "status": 2,
            "type": "OkKoToFixNonApplicable",
            "label": "Remarques diverses",
            "description": "Remarques diverses",
            "show_photo": false,
            "authorize_answer_photo": true,
            "enter_comment": true,
            "answers": {
                "125": {
                    "rowid": 125,
                    "ref": "AN2310-0125",
                    "status": 1,
                    "value": "OK",
                    "position": 1,
                    "pictogram": "check",
                    "color": "#47e58e",
                    "fk_question": 32
                },
                "126": {
                    "rowid": 126,
                    "ref": "AN2310-0126",
                    "status": 1,
                    "value": "KO",
                    "position": 2,
                    "pictogram": "times",
                    "color": "#e05353",
                    "fk_question": 32
                },
                "127": {
                    "rowid": 127,
                    "ref": "AN2310-0127",
                    "status": 1,
                    "value": "A r\u00e9parer",
                    "position": 3,
                    "pictogram": "tools",
                    "color": "#e9ad4f",
                    "fk_question": 32
                },
                "128": {
                    "rowid": 128,
                    "ref": "AN2310-0128",
                    "status": 1,
                    "value": "NA",
                    "position": 4,
                    "pictogram": "N\/A",
                    "color": "#2b2b2b",
                    "fk_question": 32
                }
            }
        },
        "33": {
            "rowid": 33,
            "ref": "QU2310-0033",
            "status": 2,
            "type": "OkKoToFixNonApplicable",
            "label": "Feux de position AR",
            "description": "Feux de position AR",
            "show_photo": null,
            "authorize_answer_photo": true,
            "enter_comment": true,
            "answers": {
                "129": {
                    "rowid": 129,
                    "ref": "AN2310-0129",
                    "status": 1,
                    "value": "OK",
                    "position": 1,
                    "pictogram": "check",
                    "color": "#47e58e",
                    "fk_question": 33
                },
                "130": {
                    "rowid": 130,
                    "ref": "AN2310-0130",
                    "status": 1,
                    "value": "KO",
                    "position": 2,
                    "pictogram": "times",
                    "color": "#e05353",
                    "fk_question": 33
                },
                "131": {
                    "rowid": 131,
                    "ref": "AN2310-0131",
                    "status": 1,
                    "value": "A r\u00e9parer",
                    "position": 3,
                    "pictogram": "tools",
                    "color": "#e9ad4f",
                    "fk_question": 33
                },
                "132": {
                    "rowid": 132,
                    "ref": "AN2310-0132",
                    "status": 1,
                    "value": "NA",
                    "position": 4,
                    "pictogram": "N\/A",
                    "color": "#2b2b2b",
                    "fk_question": 33
                }
            }
        },
        "34": {
            "rowid": 34,
            "ref": "QU2310-0034",
            "status": 2,
            "type": "OkKoToFixNonApplicable",
            "label": "Vignette d'assurance",
            "description": "Vignette d&#39;assurance",
            "show_photo": null,
            "authorize_answer_photo": true,
            "enter_comment": true,
            "answers": {
                "133": {
                    "rowid": 133,
                    "ref": "AN2310-0133",
                    "status": 1,
                    "value": "OK",
                    "position": 1,
                    "pictogram": "check",
                    "color": "#47e58e",
                    "fk_question": 34
                },
                "134": {
                    "rowid": 134,
                    "ref": "AN2310-0134",
                    "status": 1,
                    "value": "KO",
                    "position": 2,
                    "pictogram": "times",
                    "color": "#e05353",
                    "fk_question": 34
                },
                "135": {
                    "rowid": 135,
                    "ref": "AN2310-0135",
                    "status": 1,
                    "value": "A r\u00e9parer",
                    "position": 3,
                    "pictogram": "tools",
                    "color": "#e9ad4f",
                    "fk_question": 34
                },
                "136": {
                    "rowid": 136,
                    "ref": "AN2310-0136",
                    "status": 1,
                    "value": "NA",
                    "position": 4,
                    "pictogram": "N\/A",
                    "color": "#2b2b2b",
                    "fk_question": 34
                }
            }
        },
        "35": {
            "rowid": 35,
            "ref": "QU2310-0035",
            "status": 2,
            "type": "OkKoToFixNonApplicable",
            "label": "Vignette crit'air",
            "description": "Vignette crit&#39;air",
            "show_photo": null,
            "authorize_answer_photo": true,
            "enter_comment": true,
            "answers": {
                "137": {
                    "rowid": 137,
                    "ref": "AN2310-0137",
                    "status": 1,
                    "value": "OK",
                    "position": 1,
                    "pictogram": "check",
                    "color": "#47e58e",
                    "fk_question": 35
                },
                "138": {
                    "rowid": 138,
                    "ref": "AN2310-0138",
                    "status": 1,
                    "value": "KO",
                    "position": 2,
                    "pictogram": "times",
                    "color": "#e05353",
                    "fk_question": 35
                },
                "139": {
                    "rowid": 139,
                    "ref": "AN2310-0139",
                    "status": 1,
                    "value": "A r\u00e9parer",
                    "position": 3,
                    "pictogram": "tools",
                    "color": "#e9ad4f",
                    "fk_question": 35
                },
                "140": {
                    "rowid": 140,
                    "ref": "AN2310-0140",
                    "status": 1,
                    "value": "NA",
                    "position": 4,
                    "pictogram": "N\/A",
                    "color": "#2b2b2b",
                    "fk_question": 35
                }
            }
        },
        "36": {
            "rowid": 36,
            "ref": "QU2310-0036",
            "status": 2,
            "type": "OkKoToFixNonApplicable",
            "label": "Vignette CT",
            "description": "Vignette contr&ocirc;le technique",
            "show_photo": null,
            "authorize_answer_photo": true,
            "enter_comment": true,
            "answers": {
                "141": {
                    "rowid": 141,
                    "ref": "AN2310-0141",
                    "status": 1,
                    "value": "OK",
                    "position": 1,
                    "pictogram": "check",
                    "color": "#47e58e",
                    "fk_question": 36
                },
                "142": {
                    "rowid": 142,
                    "ref": "AN2310-0142",
                    "status": 1,
                    "value": "KO",
                    "position": 2,
                    "pictogram": "times",
                    "color": "#e05353",
                    "fk_question": 36
                },
                "143": {
                    "rowid": 143,
                    "ref": "AN2310-0143",
                    "status": 1,
                    "value": "A r\u00e9parer",
                    "position": 3,
                    "pictogram": "tools",
                    "color": "#e9ad4f",
                    "fk_question": 36
                },
                "144": {
                    "rowid": 144,
                    "ref": "AN2310-0144",
                    "status": 1,
                    "value": "NA",
                    "position": 4,
                    "pictogram": "N\/A",
                    "color": "#2b2b2b",
                    "fk_question": 36
                }
            }
        },
        "37": {
            "rowid": 37,
            "ref": "QU2310-0037",
            "status": 2,
            "type": "Range",
            "label": "Kilom\u00e8trage",
            "description": "Kilom&egrave;trage",
            "show_photo": null,
            "authorize_answer_photo": true,
            "enter_comment": null
        }
    }
}