{
    "sheets": {
        "12": {
            "rowid": 12,
            "ref": "MO2305-0008",
            "status": 2,
            "label": "\u00c9tat des lieux _ complet",
            "description": "",
            "element_linked": "{\"product\":1}",
            "mandatory_questions": "{}"
        }
    },
    "element_element": {
        "12": [
            1,
            2,
            3,
            4,
            5,
            6,
            7,
            8,
            9,
            10,
            11,
            12,
            13,
            14,
            15,
            16,
            17,
            19,
            20,
            21,
            22,
            23,
            24,
            25,
            26,
            27,
            28,
            29,
            30,
            31,
            51,
            62,
            63
        ]
    },
    "questions": {
        "1": {
            "rowid": 1,
            "ref": "QU2305-0001",
            "status": 2,
            "type": "OkKoToFixNonApplicable",
            "label": "CUI - Murs et plafonds",
            "description": "OK, sale, &agrave; repeindre, trous, peinture arrach&eacute;e\n",
            "show_photo": null,
            "authorize_answer_photo": true,
            "enter_comment": true,
            "answers": {
                "1": {
                    "rowid": 1,
                    "ref": "AN2305-0001",
                    "status": 1,
                    "value": "OK",
                    "position": 1,
                    "pictogram": "check",
                    "color": "#47e58e",
                    "fk_question": 1
                },
                "2": {
                    "rowid": 2,
                    "ref": "AN2305-0002",
                    "status": 1,
                    "value": "KO",
                    "position": 2,
                    "pictogram": "times",
                    "color": "#e05353",
                    "fk_question": 1
                },
                "3": {
                    "rowid": 3,
                    "ref": "AN2305-0003",
                    "status": 1,
                    "value": "A r\u00e9parer",
                    "position": 3,
                    "pictogram": "tools",
                    "color": "#e9ad4f",
                    "fk_question": 1
                },
                "4": {
                    "rowid": 4,
                    "ref": "AN2305-0004",
                    "status": 1,
                    "value": "NA",
                    "position": 4,
                    "pictogram": "N\/A",
                    "color": "#2b2b2b",
                    "fk_question": 1
                }
            }
        },
        "2": {
            "rowid": 2,
            "ref": "QU2305-0002",
            "status": 2,
            "type": "OkKoToFixNonApplicable",
            "label": "CUI - Fonctionnement des portes",
            "description": "Portes cass&eacute;es, trou&eacute;e, sale, poign&eacute;e d&eacute;viss&eacute;e",
            "show_photo": false,
            "authorize_answer_photo": true,
            "enter_comment": true,
            "answers": {
                "5": {
                    "rowid": 5,
                    "ref": "AN2305-0005",
                    "status": 1,
                    "value": "OK",
                    "position": 1,
                    "pictogram": "check",
                    "color": "#47e58e",
                    "fk_question": 2
                },
                "6": {
                    "rowid": 6,
                    "ref": "AN2305-0006",
                    "status": 1,
                    "value": "KO",
                    "position": 2,
                    "pictogram": "times",
                    "color": "#e05353",
                    "fk_question": 2
                },
                "7": {
                    "rowid": 7,
                    "ref": "AN2305-0007",
                    "status": 1,
                    "value": "A r\u00e9parer",
                    "position": 3,
                    "pictogram": "tools",
                    "color": "#e9ad4f",
                    "fk_question": 2
                },
                "8": {
                    "rowid": 8,
                    "ref": "AN2305-0008",
                    "status": 1,
                    "value": "NA",
                    "position": 4,
                    "pictogram": "N\/A",
                    "color": "#2b2b2b",
                    "fk_question": 2
                }
            }
        },
        "3": {
            "rowid": 3,
            "ref": "QU2305-0003",
            "status": 2,
            "type": "OkKoToFixNonApplicable",
            "label": "CUI - Haut du placard",
            "description": "Ok, sale, &agrave; repeindre, gond arrach&eacute;",
            "show_photo": null,
            "authorize_answer_photo": true,
            "enter_comment": true,
            "answers": {
                "9": {
                    "rowid": 9,
                    "ref": "AN2305-0009",
                    "status": 1,
                    "value": "OK",
                    "position": 1,
                    "pictogram": "check",
                    "color": "#47e58e",
                    "fk_question": 3
                },
                "10": {
                    "rowid": 10,
                    "ref": "AN2305-0010",
                    "status": 1,
                    "value": "KO",
                    "position": 2,
                    "pictogram": "times",
                    "color": "#e05353",
                    "fk_question": 3
                },
                "11": {
                    "rowid": 11,
                    "ref": "AN2305-0011",
                    "status": 1,
                    "value": "A r\u00e9parer",
                    "position": 3,
                    "pictogram": "tools",
                    "color": "#e9ad4f",
                    "fk_question": 3
                },
                "12": {
                    "rowid": 12,
                    "ref": "AN2305-0012",
                    "status": 1,
                    "value": "NA",
                    "position": 4,
                    "pictogram": "N\/A",
                    "color": "#2b2b2b",
                    "fk_question": 3
                }
            }
        },
        "4": {
            "rowid": 4,
            "ref": "QU2305-0004",
            "status": 2,
            "type": "OkKoToFixNonApplicable",
            "label": "CUI - Bas du placard",
            "description": "Ok, sale, &agrave; repeindre, gond arrach&eacute;",
            "show_photo": null,
            "authorize_answer_photo": true,
            "enter_comment": true,
            "answers": {
                "13": {
                    "rowid": 13,
                    "ref": "AN2305-0013",
                    "status": 1,
                    "value": "OK",
                    "position": 1,
                    "pictogram": "check",
                    "color": "#47e58e",
                    "fk_question": 4
                },
                "14": {
                    "rowid": 14,
                    "ref": "AN2305-0014",
                    "status": 1,
                    "value": "KO",
                    "position": 2,
                    "pictogram": "times",
                    "color": "#e05353",
                    "fk_question": 4
                },
                "15": {
                    "rowid": 15,
                    "ref": "AN2305-0015",
                    "status": 1,
                    "value": "A r\u00e9parer",
                    "position": 3,
                    "pictogram": "tools",
                    "color": "#e9ad4f",
                    "fk_question": 4
                },
                "16": {
                    "rowid": 16,
                    "ref": "AN2305-0016",
                    "status": 1,
                    "value": "NA",
                    "position": 4,
                    "pictogram": "N\/A",
                    "color": "#2b2b2b",
                    "fk_question": 4
                }
            }
        },
        "5": {
            "rowid": 5,
            "ref": "QU2305-0005",
            "status": 2,
            "type": "OkKoToFixNonApplicable",
            "label": "CUI - D\u00e9tecteur de fum\u00e9e",
            "description": "",
            "show_photo": null,
            "authorize_answer_photo": true,
            "enter_comment": true,
            "answers": {
                "17": {
                    "rowid": 17,
                    "ref": "AN2305-0017",
                    "status": 1,
                    "value": "OK",
                    "position": 1,
                    "pictogram": "check",
                    "color": "#47e58e",
                    "fk_question": 5
                },
                "18": {
                    "rowid": 18,
                    "ref": "AN2305-0018",
                    "status": 1,
                    "value": "KO",
                    "position": 2,
                    "pictogram": "times",
                    "color": "#e05353",
                    "fk_question": 5
                },
                "19": {
                    "rowid": 19,
                    "ref": "AN2305-0019",
                    "status": 1,
                    "value": "A r\u00e9parer",
                    "position": 3,
                    "pictogram": "tools",
                    "color": "#e9ad4f",
                    "fk_question": 5
                },
                "20": {
                    "rowid": 20,
                    "ref": "AN2305-0020",
                    "status": 1,
                    "value": "NA",
                    "position": 4,
                    "pictogram": "N\/A",
                    "color": "#2b2b2b",
                    "fk_question": 5
                }
            }
        },
        "6": {
            "rowid": 6,
            "ref": "QU2305-0006",
            "status": 2,
            "type": "OkKoToFixNonApplicable",
            "label": "CUI - Plaques \u00e0 induction",
            "description": "Ok, sale, cass&eacute;e",
            "show_photo": null,
            "authorize_answer_photo": true,
            "enter_comment": true,
            "answers": {
                "21": {
                    "rowid": 21,
                    "ref": "AN2305-0021",
                    "status": 1,
                    "value": "OK",
                    "position": 1,
                    "pictogram": "check",
                    "color": "#47e58e",
                    "fk_question": 6
                },
                "22": {
                    "rowid": 22,
                    "ref": "AN2305-0022",
                    "status": 1,
                    "value": "KO",
                    "position": 2,
                    "pictogram": "times",
                    "color": "#e05353",
                    "fk_question": 6
                },
                "23": {
                    "rowid": 23,
                    "ref": "AN2305-0023",
                    "status": 1,
                    "value": "A r\u00e9parer",
                    "position": 3,
                    "pictogram": "tools",
                    "color": "#e9ad4f",
                    "fk_question": 6
                },
                "24": {
                    "rowid": 24,
                    "ref": "AN2305-0024",
                    "status": 1,
                    "value": "NA",
                    "position": 4,
                    "pictogram": "N\/A",
                    "color": "#2b2b2b",
                    "fk_question": 6
                }
            }
        },
        "7": {
            "rowid": 7,
            "ref": "QU2305-0007",
            "status": 2,
            "type": "OkKoToFixNonApplicable",
            "label": "CUI - Hotte",
            "description": "Ok, sale, abim&eacute;, ne fonctionne plus",
            "show_photo": null,
            "authorize_answer_photo": true,
            "enter_comment": true,
            "answers": {
                "25": {
                    "rowid": 25,
                    "ref": "AN2305-0025",
                    "status": 1,
                    "value": "OK",
                    "position": 1,
                    "pictogram": "check",
                    "color": "#47e58e",
                    "fk_question": 7
                },
                "26": {
                    "rowid": 26,
                    "ref": "AN2305-0026",
                    "status": 1,
                    "value": "KO",
                    "position": 2,
                    "pictogram": "times",
                    "color": "#e05353",
                    "fk_question": 7
                },
                "27": {
                    "rowid": 27,
                    "ref": "AN2305-0027",
                    "status": 1,
                    "value": "A r\u00e9parer",
                    "position": 3,
                    "pictogram": "tools",
                    "color": "#e9ad4f",
                    "fk_question": 7
                },
                "28": {
                    "rowid": 28,
                    "ref": "AN2305-0028",
                    "status": 1,
                    "value": "NA",
                    "position": 4,
                    "pictogram": "N\/A",
                    "color": "#2b2b2b",
                    "fk_question": 7
                }
            }
        },
        "8": {
            "rowid": 8,
            "ref": "QU2305-0008",
            "status": 2,
            "type": "OkKoToFixNonApplicable",
            "label": "CUI - R\u00e9frig\u00e9rateur",
            "description": "Ok, sale, abim&eacute;, ne fonctionne plus",
            "show_photo": null,
            "authorize_answer_photo": true,
            "enter_comment": true,
            "answers": {
                "29": {
                    "rowid": 29,
                    "ref": "AN2305-0029",
                    "status": 1,
                    "value": "OK",
                    "position": 1,
                    "pictogram": "check",
                    "color": "#47e58e",
                    "fk_question": 8
                },
                "30": {
                    "rowid": 30,
                    "ref": "AN2305-0030",
                    "status": 1,
                    "value": "KO",
                    "position": 2,
                    "pictogram": "times",
                    "color": "#e05353",
                    "fk_question": 8
                },
                "31": {
                    "rowid": 31,
                    "ref": "AN2305-0031",
                    "status": 1,
                    "value": "A r\u00e9parer",
                    "position": 3,
                    "pictogram": "tools",
                    "color": "#e9ad4f",
                    "fk_question": 8
                },
                "32": {
                    "rowid": 32,
                    "ref": "AN2305-0032",
                    "status": 1,
                    "value": "NA",
                    "position": 4,
                    "pictogram": "N\/A",
                    "color": "#2b2b2b",
                    "fk_question": 8
                }
            }
        },
        "9": {
            "rowid": 9,
            "ref": "QU2305-0009",
            "status": 2,
            "type": "OkKoToFixNonApplicable",
            "label": "CUI - Micro-ondes",
            "description": "Ok, sale, abim&eacute;, ne fonctionne plus",
            "show_photo": null,
            "authorize_answer_photo": true,
            "enter_comment": true,
            "answers": {
                "33": {
                    "rowid": 33,
                    "ref": "AN2305-0033",
                    "status": 1,
                    "value": "OK",
                    "position": 1,
                    "pictogram": "check",
                    "color": "#47e58e",
                    "fk_question": 9
                },
                "34": {
                    "rowid": 34,
                    "ref": "AN2305-0034",
                    "status": 1,
                    "value": "KO",
                    "position": 2,
                    "pictogram": "times",
                    "color": "#e05353",
                    "fk_question": 9
                },
                "35": {
                    "rowid": 35,
                    "ref": "AN2305-0035",
                    "status": 1,
                    "value": "A r\u00e9parer",
                    "position": 3,
                    "pictogram": "tools",
                    "color": "#e9ad4f",
                    "fk_question": 9
                },
                "36": {
                    "rowid": 36,
                    "ref": "AN2305-0036",
                    "status": 1,
                    "value": "NA",
                    "position": 4,
                    "pictogram": "N\/A",
                    "color": "#2b2b2b",
                    "fk_question": 9
                }
            }
        },
        "10": {
            "rowid": 10,
            "ref": "QU2305-0010",
            "status": 2,
            "type": "OkKoToFixNonApplicable",
            "label": "CUI - Four",
            "description": "Ok, sale, abim&eacute;, ne fonctionne plus",
            "show_photo": null,
            "authorize_answer_photo": true,
            "enter_comment": true,
            "answers": {
                "37": {
                    "rowid": 37,
                    "ref": "AN2305-0037",
                    "status": 1,
                    "value": "OK",
                    "position": 1,
                    "pictogram": "check",
                    "color": "#47e58e",
                    "fk_question": 10
                },
                "38": {
                    "rowid": 38,
                    "ref": "AN2305-0038",
                    "status": 1,
                    "value": "KO",
                    "position": 2,
                    "pictogram": "times",
                    "color": "#e05353",
                    "fk_question": 10
                },
                "39": {
                    "rowid": 39,
                    "ref": "AN2305-0039",
                    "status": 1,
                    "value": "A r\u00e9parer",
                    "position": 3,
                    "pictogram": "tools",
                    "color": "#e9ad4f",
                    "fk_question": 10
                },
                "40": {
                    "rowid": 40,
                    "ref": "AN2305-0040",
                    "status": 1,
                    "value": "NA",
                    "position": 4,
                    "pictogram": "N\/A",
                    "color": "#2b2b2b",
                    "fk_question": 10
                }
            }
        },
        "11": {
            "rowid": 11,
            "ref": "QU2305-0011",
            "status": 2,
            "type": "OkKoToFixNonApplicable",
            "label": "CUI - Poubelle",
            "description": "Ok, sale, abim&eacute;e",
            "show_photo": null,
            "authorize_answer_photo": true,
            "enter_comment": true,
            "answers": {
                "41": {
                    "rowid": 41,
                    "ref": "AN2305-0041",
                    "status": 1,
                    "value": "OK",
                    "position": 1,
                    "pictogram": "check",
                    "color": "#47e58e",
                    "fk_question": 11
                },
                "42": {
                    "rowid": 42,
                    "ref": "AN2305-0042",
                    "status": 1,
                    "value": "KO",
                    "position": 2,
                    "pictogram": "times",
                    "color": "#e05353",
                    "fk_question": 11
                },
                "43": {
                    "rowid": 43,
                    "ref": "AN2305-0043",
                    "status": 1,
                    "value": "A r\u00e9parer",
                    "position": 3,
                    "pictogram": "tools",
                    "color": "#e9ad4f",
                    "fk_question": 11
                },
                "44": {
                    "rowid": 44,
                    "ref": "AN2305-0044",
                    "status": 1,
                    "value": "NA",
                    "position": 4,
                    "pictogram": "N\/A",
                    "color": "#2b2b2b",
                    "fk_question": 11
                }
            }
        },
        "12": {
            "rowid": 12,
            "ref": "QU2305-0012",
            "status": 2,
            "type": "OkKoToFixNonApplicable",
            "label": "CUI - Table",
            "description": "Ok, sale, abim&eacute;e",
            "show_photo": null,
            "authorize_answer_photo": true,
            "enter_comment": true,
            "answers": {
                "45": {
                    "rowid": 45,
                    "ref": "AN2305-0045",
                    "status": 1,
                    "value": "OK",
                    "position": 1,
                    "pictogram": "check",
                    "color": "#47e58e",
                    "fk_question": 12
                },
                "46": {
                    "rowid": 46,
                    "ref": "AN2305-0046",
                    "status": 1,
                    "value": "KO",
                    "position": 2,
                    "pictogram": "times",
                    "color": "#e05353",
                    "fk_question": 12
                },
                "47": {
                    "rowid": 47,
                    "ref": "AN2305-0047",
                    "status": 1,
                    "value": "A r\u00e9parer",
                    "position": 3,
                    "pictogram": "tools",
                    "color": "#e9ad4f",
                    "fk_question": 12
                },
                "48": {
                    "rowid": 48,
                    "ref": "AN2305-0048",
                    "status": 1,
                    "value": "NA",
                    "position": 4,
                    "pictogram": "N\/A",
                    "color": "#2b2b2b",
                    "fk_question": 12
                }
            }
        },
        "13": {
            "rowid": 13,
            "ref": "QU2305-0013",
            "status": 2,
            "type": "OkKoToFixNonApplicable",
            "label": "CUI - Chaises",
            "description": "Ok, sale, abim&eacute;, manquante",
            "show_photo": null,
            "authorize_answer_photo": true,
            "enter_comment": true,
            "answers": {
                "49": {
                    "rowid": 49,
                    "ref": "AN2305-0049",
                    "status": 1,
                    "value": "OK",
                    "position": 1,
                    "pictogram": "check",
                    "color": "#47e58e",
                    "fk_question": 13
                },
                "50": {
                    "rowid": 50,
                    "ref": "AN2305-0050",
                    "status": 1,
                    "value": "KO",
                    "position": 2,
                    "pictogram": "times",
                    "color": "#e05353",
                    "fk_question": 13
                },
                "51": {
                    "rowid": 51,
                    "ref": "AN2305-0051",
                    "status": 1,
                    "value": "A r\u00e9parer",
                    "position": 3,
                    "pictogram": "tools",
                    "color": "#e9ad4f",
                    "fk_question": 13
                },
                "52": {
                    "rowid": 52,
                    "ref": "AN2305-0052",
                    "status": 1,
                    "value": "NA",
                    "position": 4,
                    "pictogram": "N\/A",
                    "color": "#2b2b2b",
                    "fk_question": 13
                }
            }
        },
        "14": {
            "rowid": 14,
            "ref": "QU2305-0014",
            "status": 2,
            "type": "OkKoToFixNonApplicable",
            "label": "CUI - Canap\u00e9",
            "description": "Ok, sale, abim&eacute;, manquant",
            "show_photo": null,
            "authorize_answer_photo": true,
            "enter_comment": true,
            "answers": {
                "53": {
                    "rowid": 53,
                    "ref": "AN2305-0053",
                    "status": 1,
                    "value": "OK",
                    "position": 1,
                    "pictogram": "check",
                    "color": "#47e58e",
                    "fk_question": 14
                },
                "54": {
                    "rowid": 54,
                    "ref": "AN2305-0054",
                    "status": 1,
                    "value": "KO",
                    "position": 2,
                    "pictogram": "times",
                    "color": "#e05353",
                    "fk_question": 14
                },
                "55": {
                    "rowid": 55,
                    "ref": "AN2305-0055",
                    "status": 1,
                    "value": "A r\u00e9parer",
                    "position": 3,
                    "pictogram": "tools",
                    "color": "#e9ad4f",
                    "fk_question": 14
                },
                "56": {
                    "rowid": 56,
                    "ref": "AN2305-0056",
                    "status": 1,
                    "value": "NA",
                    "position": 4,
                    "pictogram": "N\/A",
                    "color": "#2b2b2b",
                    "fk_question": 14
                }
            }
        },
        "15": {
            "rowid": 15,
            "ref": "QU2305-0015",
            "status": 2,
            "type": "OkKoToFixNonApplicable",
            "label": "CUI - \u00c9tag\u00e8res et biblioth\u00e8que",
            "description": "Ok, sale, abim&eacute;",
            "show_photo": null,
            "authorize_answer_photo": true,
            "enter_comment": true,
            "answers": {
                "57": {
                    "rowid": 57,
                    "ref": "AN2305-0057",
                    "status": 1,
                    "value": "OK",
                    "position": 1,
                    "pictogram": "check",
                    "color": "#47e58e",
                    "fk_question": 15
                },
                "58": {
                    "rowid": 58,
                    "ref": "AN2305-0058",
                    "status": 1,
                    "value": "KO",
                    "position": 2,
                    "pictogram": "times",
                    "color": "#e05353",
                    "fk_question": 15
                },
                "59": {
                    "rowid": 59,
                    "ref": "AN2305-0059",
                    "status": 1,
                    "value": "A r\u00e9parer",
                    "position": 3,
                    "pictogram": "tools",
                    "color": "#e9ad4f",
                    "fk_question": 15
                },
                "60": {
                    "rowid": 60,
                    "ref": "AN2305-0060",
                    "status": 1,
                    "value": "NA",
                    "position": 4,
                    "pictogram": "N\/A",
                    "color": "#2b2b2b",
                    "fk_question": 15
                }
            }
        },
        "16": {
            "rowid": 16,
            "ref": "QU2305-0016",
            "status": 2,
            "type": "OkKoToFixNonApplicable",
            "label": "CHA - Bureau",
            "description": "Ok, sale, &agrave; repeindre",
            "show_photo": null,
            "authorize_answer_photo": true,
            "enter_comment": true,
            "answers": {
                "61": {
                    "rowid": 61,
                    "ref": "AN2305-0061",
                    "status": 1,
                    "value": "OK",
                    "position": 1,
                    "pictogram": "check",
                    "color": "#47e58e",
                    "fk_question": 16
                },
                "62": {
                    "rowid": 62,
                    "ref": "AN2305-0062",
                    "status": 1,
                    "value": "KO",
                    "position": 2,
                    "pictogram": "times",
                    "color": "#e05353",
                    "fk_question": 16
                },
                "63": {
                    "rowid": 63,
                    "ref": "AN2305-0063",
                    "status": 1,
                    "value": "A r\u00e9parer",
                    "position": 3,
                    "pictogram": "tools",
                    "color": "#e9ad4f",
                    "fk_question": 16
                },
                "64": {
                    "rowid": 64,
                    "ref": "AN2305-0064",
                    "status": 1,
                    "value": "NA",
                    "position": 4,
                    "pictogram": "N\/A",
                    "color": "#2b2b2b",
                    "fk_question": 16
                }
            }
        },
        "17": {
            "rowid": 17,
            "ref": "QU2305-0017",
            "status": 2,
            "type": "OkKoToFixNonApplicable",
            "label": "CHA - Lit",
            "description": "Ok, sale, abim&eacute;",
            "show_photo": null,
            "authorize_answer_photo": true,
            "enter_comment": true,
            "answers": {
                "65": {
                    "rowid": 65,
                    "ref": "AN2305-0065",
                    "status": 1,
                    "value": "OK",
                    "position": 1,
                    "pictogram": "check",
                    "color": "#47e58e",
                    "fk_question": 17
                },
                "66": {
                    "rowid": 66,
                    "ref": "AN2305-0066",
                    "status": 1,
                    "value": "KO",
                    "position": 2,
                    "pictogram": "times",
                    "color": "#e05353",
                    "fk_question": 17
                },
                "67": {
                    "rowid": 67,
                    "ref": "AN2305-0067",
                    "status": 1,
                    "value": "A r\u00e9parer",
                    "position": 3,
                    "pictogram": "tools",
                    "color": "#e9ad4f",
                    "fk_question": 17
                },
                "68": {
                    "rowid": 68,
                    "ref": "AN2305-0068",
                    "status": 1,
                    "value": "NA",
                    "position": 4,
                    "pictogram": "N\/A",
                    "color": "#2b2b2b",
                    "fk_question": 17
                }
            }
        },
        "19": {
            "rowid": 19,
            "ref": "QU2305-0019",
            "status": 2,
            "type": "OkKoToFixNonApplicable",
            "label": "CHA - Armoire",
            "description": "Ok, sale, abim&eacute;",
            "show_photo": null,
            "authorize_answer_photo": true,
            "enter_comment": true,
            "answers": {
                "70": {
                    "rowid": 70,
                    "ref": "AN2305-0070",
                    "status": 1,
                    "value": "OK",
                    "position": 1,
                    "pictogram": "check",
                    "color": "#47e58e",
                    "fk_question": 19
                },
                "71": {
                    "rowid": 71,
                    "ref": "AN2305-0071",
                    "status": 1,
                    "value": "KO",
                    "position": 2,
                    "pictogram": "times",
                    "color": "#e05353",
                    "fk_question": 19
                },
                "72": {
                    "rowid": 72,
                    "ref": "AN2305-0072",
                    "status": 1,
                    "value": "A r\u00e9parer",
                    "position": 3,
                    "pictogram": "tools",
                    "color": "#e9ad4f",
                    "fk_question": 19
                },
                "73": {
                    "rowid": 73,
                    "ref": "AN2305-0073",
                    "status": 1,
                    "value": "NA",
                    "position": 4,
                    "pictogram": "N\/A",
                    "color": "#2b2b2b",
                    "fk_question": 19
                }
            }
        },
        "20": {
            "rowid": 20,
            "ref": "QU2305-0020",
            "status": 2,
            "type": "OkKoToFixNonApplicable",
            "label": "CHA - Convecteur",
            "description": "Ok, sale, abim&eacute;",
            "show_photo": null,
            "authorize_answer_photo": true,
            "enter_comment": true,
            "answers": {
                "74": {
                    "rowid": 74,
                    "ref": "AN2305-0074",
                    "status": 1,
                    "value": "OK",
                    "position": 1,
                    "pictogram": "check",
                    "color": "#47e58e",
                    "fk_question": 20
                },
                "75": {
                    "rowid": 75,
                    "ref": "AN2305-0075",
                    "status": 1,
                    "value": "KO",
                    "position": 2,
                    "pictogram": "times",
                    "color": "#e05353",
                    "fk_question": 20
                },
                "76": {
                    "rowid": 76,
                    "ref": "AN2305-0076",
                    "status": 1,
                    "value": "A r\u00e9parer",
                    "position": 3,
                    "pictogram": "tools",
                    "color": "#e9ad4f",
                    "fk_question": 20
                },
                "77": {
                    "rowid": 77,
                    "ref": "AN2305-0077",
                    "status": 1,
                    "value": "NA",
                    "position": 4,
                    "pictogram": "N\/A",
                    "color": "#2b2b2b",
                    "fk_question": 20
                }
            }
        },
        "21": {
            "rowid": 21,
            "ref": "QU2305-0021",
            "status": 2,
            "type": "UniqueChoice",
            "label": "CHA - Meubles manquant",
            "description": "Lesquels ?",
            "show_photo": null,
            "authorize_answer_photo": true,
            "enter_comment": true,
            "answers": {
                "78": {
                    "rowid": 78,
                    "ref": "AN2305-0078",
                    "status": 1,
                    "value": "Oui",
                    "position": 1,
                    "pictogram": "",
                    "color": "#ff0000",
                    "fk_question": 21
                },
                "79": {
                    "rowid": 79,
                    "ref": "AN2305-0079",
                    "status": 1,
                    "value": "Non",
                    "position": 2,
                    "pictogram": "",
                    "color": "#00ff00",
                    "fk_question": 21
                }
            }
        },
        "22": {
            "rowid": 22,
            "ref": "QU2305-0022",
            "status": 2,
            "type": "OkKoToFixNonApplicable",
            "label": "SDB - Lavabos et meubles",
            "description": "Ok, sale, abim&eacute;, &agrave; repeindre",
            "show_photo": null,
            "authorize_answer_photo": true,
            "enter_comment": true,
            "answers": {
                "80": {
                    "rowid": 80,
                    "ref": "AN2305-0080",
                    "status": 1,
                    "value": "OK",
                    "position": 1,
                    "pictogram": "check",
                    "color": "#47e58e",
                    "fk_question": 22
                },
                "81": {
                    "rowid": 81,
                    "ref": "AN2305-0081",
                    "status": 1,
                    "value": "KO",
                    "position": 2,
                    "pictogram": "times",
                    "color": "#e05353",
                    "fk_question": 22
                },
                "82": {
                    "rowid": 82,
                    "ref": "AN2305-0082",
                    "status": 1,
                    "value": "A r\u00e9parer",
                    "position": 3,
                    "pictogram": "tools",
                    "color": "#e9ad4f",
                    "fk_question": 22
                },
                "83": {
                    "rowid": 83,
                    "ref": "AN2305-0083",
                    "status": 1,
                    "value": "NA",
                    "position": 4,
                    "pictogram": "N\/A",
                    "color": "#2b2b2b",
                    "fk_question": 22
                }
            }
        },
        "23": {
            "rowid": 23,
            "ref": "QU2305-0023",
            "status": 2,
            "type": "OkKoToFixNonApplicable",
            "label": "SDB - Douche",
            "description": "Ok, sale, abim&eacute;, calcaire",
            "show_photo": null,
            "authorize_answer_photo": true,
            "enter_comment": true,
            "answers": {
                "84": {
                    "rowid": 84,
                    "ref": "AN2305-0084",
                    "status": 1,
                    "value": "OK",
                    "position": 1,
                    "pictogram": "check",
                    "color": "#47e58e",
                    "fk_question": 23
                },
                "85": {
                    "rowid": 85,
                    "ref": "AN2305-0085",
                    "status": 1,
                    "value": "KO",
                    "position": 2,
                    "pictogram": "times",
                    "color": "#e05353",
                    "fk_question": 23
                },
                "86": {
                    "rowid": 86,
                    "ref": "AN2305-0086",
                    "status": 1,
                    "value": "A r\u00e9parer",
                    "position": 3,
                    "pictogram": "tools",
                    "color": "#e9ad4f",
                    "fk_question": 23
                },
                "87": {
                    "rowid": 87,
                    "ref": "AN2305-0087",
                    "status": 1,
                    "value": "NA",
                    "position": 4,
                    "pictogram": "N\/A",
                    "color": "#2b2b2b",
                    "fk_question": 23
                }
            }
        },
        "24": {
            "rowid": 24,
            "ref": "QU2305-0024",
            "status": 2,
            "type": "OkKoToFixNonApplicable",
            "label": "SDB - Machine \u00e0 laver",
            "description": "Ok, sale, abim&eacute;",
            "show_photo": null,
            "authorize_answer_photo": true,
            "enter_comment": true,
            "answers": {
                "88": {
                    "rowid": 88,
                    "ref": "AN2305-0088",
                    "status": 1,
                    "value": "OK",
                    "position": 1,
                    "pictogram": "check",
                    "color": "#47e58e",
                    "fk_question": 24
                },
                "89": {
                    "rowid": 89,
                    "ref": "AN2305-0089",
                    "status": 1,
                    "value": "KO",
                    "position": 2,
                    "pictogram": "times",
                    "color": "#e05353",
                    "fk_question": 24
                },
                "90": {
                    "rowid": 90,
                    "ref": "AN2305-0090",
                    "status": 1,
                    "value": "A r\u00e9parer",
                    "position": 3,
                    "pictogram": "tools",
                    "color": "#e9ad4f",
                    "fk_question": 24
                },
                "91": {
                    "rowid": 91,
                    "ref": "AN2305-0091",
                    "status": 1,
                    "value": "NA",
                    "position": 4,
                    "pictogram": "N\/A",
                    "color": "#2b2b2b",
                    "fk_question": 24
                }
            }
        },
        "25": {
            "rowid": 25,
            "ref": "QU2305-0025",
            "status": 2,
            "type": "OkKoToFixNonApplicable",
            "label": "WC - Lavabo et meubles",
            "description": "Ok, sale, abim&eacute;, &agrave; repeindre",
            "show_photo": null,
            "authorize_answer_photo": true,
            "enter_comment": true,
            "answers": {
                "92": {
                    "rowid": 92,
                    "ref": "AN2305-0092",
                    "status": 1,
                    "value": "OK",
                    "position": 1,
                    "pictogram": "check",
                    "color": "#47e58e",
                    "fk_question": 25
                },
                "93": {
                    "rowid": 93,
                    "ref": "AN2305-0093",
                    "status": 1,
                    "value": "KO",
                    "position": 2,
                    "pictogram": "times",
                    "color": "#e05353",
                    "fk_question": 25
                },
                "94": {
                    "rowid": 94,
                    "ref": "AN2305-0094",
                    "status": 1,
                    "value": "A r\u00e9parer",
                    "position": 3,
                    "pictogram": "tools",
                    "color": "#e9ad4f",
                    "fk_question": 25
                },
                "95": {
                    "rowid": 95,
                    "ref": "AN2305-0095",
                    "status": 1,
                    "value": "NA",
                    "position": 4,
                    "pictogram": "N\/A",
                    "color": "#2b2b2b",
                    "fk_question": 25
                }
            }
        },
        "26": {
            "rowid": 26,
            "ref": "QU2305-0026",
            "status": 2,
            "type": "OkKoToFixNonApplicable",
            "label": "CHA - Murs et plafonds",
            "description": "OK, sale, &agrave; repeindre, trous, peinture arrach&eacute;",
            "show_photo": null,
            "authorize_answer_photo": true,
            "enter_comment": true,
            "answers": {
                "96": {
                    "rowid": 96,
                    "ref": "AN2305-0096",
                    "status": 1,
                    "value": "OK",
                    "position": 1,
                    "pictogram": "check",
                    "color": "#47e58e",
                    "fk_question": 26
                },
                "97": {
                    "rowid": 97,
                    "ref": "AN2305-0097",
                    "status": 1,
                    "value": "KO",
                    "position": 2,
                    "pictogram": "times",
                    "color": "#e05353",
                    "fk_question": 26
                },
                "98": {
                    "rowid": 98,
                    "ref": "AN2305-0098",
                    "status": 1,
                    "value": "A r\u00e9parer",
                    "position": 3,
                    "pictogram": "tools",
                    "color": "#e9ad4f",
                    "fk_question": 26
                },
                "99": {
                    "rowid": 99,
                    "ref": "AN2305-0099",
                    "status": 1,
                    "value": "NA",
                    "position": 4,
                    "pictogram": "N\/A",
                    "color": "#2b2b2b",
                    "fk_question": 26
                }
            }
        },
        "27": {
            "rowid": 27,
            "ref": "QU2305-0027",
            "status": 2,
            "type": "OkKoToFixNonApplicable",
            "label": "SDB - Murs et plafonds",
            "description": "OK, sale, &agrave; repeindre, trous, peinture arrach&eacute;",
            "show_photo": null,
            "authorize_answer_photo": true,
            "enter_comment": true,
            "answers": {
                "100": {
                    "rowid": 100,
                    "ref": "AN2305-0100",
                    "status": 1,
                    "value": "OK",
                    "position": 1,
                    "pictogram": "check",
                    "color": "#47e58e",
                    "fk_question": 27
                },
                "101": {
                    "rowid": 101,
                    "ref": "AN2305-0101",
                    "status": 1,
                    "value": "KO",
                    "position": 2,
                    "pictogram": "times",
                    "color": "#e05353",
                    "fk_question": 27
                },
                "102": {
                    "rowid": 102,
                    "ref": "AN2305-0102",
                    "status": 1,
                    "value": "A r\u00e9parer",
                    "position": 3,
                    "pictogram": "tools",
                    "color": "#e9ad4f",
                    "fk_question": 27
                },
                "103": {
                    "rowid": 103,
                    "ref": "AN2305-0103",
                    "status": 1,
                    "value": "NA",
                    "position": 4,
                    "pictogram": "N\/A",
                    "color": "#2b2b2b",
                    "fk_question": 27
                }
            }
        },
        "28": {
            "rowid": 28,
            "ref": "QU2305-0028",
            "status": 2,
            "type": "OkKoToFixNonApplicable",
            "label": "SDB - Fonctionnement des portes",
            "description": "Portes cass&eacute;es, trou&eacute;e, sale, poign&eacute;e d&eacute;viss&eacute;e",
            "show_photo": null,
            "authorize_answer_photo": true,
            "enter_comment": true,
            "answers": {
                "104": {
                    "rowid": 104,
                    "ref": "AN2305-0104",
                    "status": 1,
                    "value": "OK",
                    "position": 1,
                    "pictogram": "check",
                    "color": "#47e58e",
                    "fk_question": 28
                },
                "105": {
                    "rowid": 105,
                    "ref": "AN2305-0105",
                    "status": 1,
                    "value": "KO",
                    "position": 2,
                    "pictogram": "times",
                    "color": "#e05353",
                    "fk_question": 28
                },
                "106": {
                    "rowid": 106,
                    "ref": "AN2305-0106",
                    "status": 1,
                    "value": "A r\u00e9parer",
                    "position": 3,
                    "pictogram": "tools",
                    "color": "#e9ad4f",
                    "fk_question": 28
                },
                "107": {
                    "rowid": 107,
                    "ref": "AN2305-0107",
                    "status": 1,
                    "value": "NA",
                    "position": 4,
                    "pictogram": "N\/A",
                    "color": "#2b2b2b",
                    "fk_question": 28
                }
            }
        },
        "29": {
            "rowid": 29,
            "ref": "QU2305-0029",
            "status": 2,
            "type": "OkKoToFixNonApplicable",
            "label": "WC - Murs et plafonds",
            "description": "OK, sale, &agrave; repeindre, trous, peinture arrach&eacute;e",
            "show_photo": null,
            "authorize_answer_photo": true,
            "enter_comment": true,
            "answers": {
                "108": {
                    "rowid": 108,
                    "ref": "AN2305-0108",
                    "status": 1,
                    "value": "OK",
                    "position": 1,
                    "pictogram": "check",
                    "color": "#47e58e",
                    "fk_question": 29
                },
                "109": {
                    "rowid": 109,
                    "ref": "AN2305-0109",
                    "status": 1,
                    "value": "KO",
                    "position": 2,
                    "pictogram": "times",
                    "color": "#e05353",
                    "fk_question": 29
                },
                "110": {
                    "rowid": 110,
                    "ref": "AN2305-0110",
                    "status": 1,
                    "value": "A r\u00e9parer",
                    "position": 3,
                    "pictogram": "tools",
                    "color": "#e9ad4f",
                    "fk_question": 29
                },
                "111": {
                    "rowid": 111,
                    "ref": "AN2305-0111",
                    "status": 1,
                    "value": "NA",
                    "position": 4,
                    "pictogram": "N\/A",
                    "color": "#2b2b2b",
                    "fk_question": 29
                }
            }
        },
        "30": {
            "rowid": 30,
            "ref": "QU2305-0030",
            "status": 2,
            "type": "OkKoToFixNonApplicable",
            "label": "WC - Fonctionnement des portes",
            "description": "Portes cass&eacute;es, trou&eacute;e, sale, poign&eacute;e d&eacute;viss&eacute;e",
            "show_photo": null,
            "authorize_answer_photo": true,
            "enter_comment": true,
            "answers": {
                "112": {
                    "rowid": 112,
                    "ref": "AN2305-0112",
                    "status": 1,
                    "value": "OK",
                    "position": 1,
                    "pictogram": "check",
                    "color": "#47e58e",
                    "fk_question": 30
                },
                "113": {
                    "rowid": 113,
                    "ref": "AN2305-0113",
                    "status": 1,
                    "value": "KO",
                    "position": 2,
                    "pictogram": "times",
                    "color": "#e05353",
                    "fk_question": 30
                },
                "114": {
                    "rowid": 114,
                    "ref": "AN2305-0114",
                    "status": 1,
                    "value": "A r\u00e9parer",
                    "position": 3,
                    "pictogram": "tools",
                    "color": "#e9ad4f",
                    "fk_question": 30
                },
                "115": {
                    "rowid": 115,
                    "ref": "AN2305-0115",
                    "status": 1,
                    "value": "NA",
                    "position": 4,
                    "pictogram": "N\/A",
                    "color": "#2b2b2b",
                    "fk_question": 30
                }
            }
        },
        "31": {
            "rowid": 31,
            "ref": "QU2305-0031",
            "status": 2,
            "type": "OkKoToFixNonApplicable",
            "label": "WC - Douche",
            "description": "Ok, sale, abim&eacute;, calcaire",
            "show_photo": null,
            "authorize_answer_photo": true,
            "enter_comment": true,
            "answers": {
                "116": {
                    "rowid": 116,
                    "ref": "AN2305-0116",
                    "status": 1,
                    "value": "OK",
                    "position": 1,
                    "pictogram": "check",
                    "color": "#47e58e",
                    "fk_question": 31
                },
                "117": {
                    "rowid": 117,
                    "ref": "AN2305-0117",
                    "status": 1,
                    "value": "KO",
                    "position": 2,
                    "pictogram": "times",
                    "color": "#e05353",
                    "fk_question": 31
                },
                "118": {
                    "rowid": 118,
                    "ref": "AN2305-0118",
                    "status": 1,
                    "value": "A r\u00e9parer",
                    "position": 3,
                    "pictogram": "tools",
                    "color": "#e9ad4f",
                    "fk_question": 31
                },
                "119": {
                    "rowid": 119,
                    "ref": "AN2305-0119",
                    "status": 1,
                    "value": "NA",
                    "position": 4,
                    "pictogram": "N\/A",
                    "color": "#2b2b2b",
                    "fk_question": 31
                }
            }
        },
        "51": {
            "rowid": 51,
            "ref": "QU2307-0051",
            "status": 2,
            "type": "OkKoToFixNonApplicable",
            "label": "CHA - Lampe bureau",
            "description": "",
            "show_photo": null,
            "authorize_answer_photo": null,
            "enter_comment": null,
            "answers": {
                "196": {
                    "rowid": 196,
                    "ref": "AN2307-0196",
                    "status": 1,
                    "value": "OK",
                    "position": 1,
                    "pictogram": "check",
                    "color": "#47e58e",
                    "fk_question": 51
                },
                "197": {
                    "rowid": 197,
                    "ref": "AN2307-0197",
                    "status": 1,
                    "value": "KO",
                    "position": 2,
                    "pictogram": "times",
                    "color": "#e05353",
                    "fk_question": 51
                },
                "198": {
                    "rowid": 198,
                    "ref": "AN2307-0198",
                    "status": 1,
                    "value": "A r\u00e9parer",
                    "position": 3,
                    "pictogram": "tools",
                    "color": "#e9ad4f",
                    "fk_question": 51
                },
                "199": {
                    "rowid": 199,
                    "ref": "AN2307-0199",
                    "status": 1,
                    "value": "NA",
                    "position": 4,
                    "pictogram": "N\/A",
                    "color": "#2b2b2b",
                    "fk_question": 51
                }
            }
        },
        "62": {
            "rowid": 62,
            "ref": "QU2307-0062",
            "status": 2,
            "type": "OkKoToFixNonApplicable",
            "label": "CHA - chaise \/ fauteuil bureau",
            "description": "",
            "show_photo": null,
            "authorize_answer_photo": null,
            "enter_comment": null,
            "answers": {
                "240": {
                    "rowid": 240,
                    "ref": "AN2307-0240",
                    "status": 1,
                    "value": "OK",
                    "position": 1,
                    "pictogram": "check",
                    "color": "#47e58e",
                    "fk_question": 62
                },
                "241": {
                    "rowid": 241,
                    "ref": "AN2307-0241",
                    "status": 1,
                    "value": "KO",
                    "position": 2,
                    "pictogram": "times",
                    "color": "#e05353",
                    "fk_question": 62
                },
                "242": {
                    "rowid": 242,
                    "ref": "AN2307-0242",
                    "status": 1,
                    "value": "A r\u00e9parer",
                    "position": 3,
                    "pictogram": "tools",
                    "color": "#e9ad4f",
                    "fk_question": 62
                },
                "243": {
                    "rowid": 243,
                    "ref": "AN2307-0243",
                    "status": 1,
                    "value": "NA",
                    "position": 4,
                    "pictogram": "N\/A",
                    "color": "#2b2b2b",
                    "fk_question": 62
                }
            }
        },
        "63": {
            "rowid": 63,
            "ref": "QU2309-0063",
            "status": 2,
            "type": "OkKoToFixNonApplicable",
            "label": "CHA - Commode",
            "description": "Ok, ab&icirc;m&eacute;, cass&eacute;",
            "show_photo": false,
            "authorize_answer_photo": true,
            "enter_comment": true,
            "answers": {
                "244": {
                    "rowid": 244,
                    "ref": "AN2305-0244",
                    "status": 1,
                    "value": "OK",
                    "position": 1,
                    "pictogram": "check",
                    "color": "#47e58e",
                    "fk_question": 63
                },
                "245": {
                    "rowid": 245,
                    "ref": "AN2305-0245",
                    "status": 1,
                    "value": "KO",
                    "position": 2,
                    "pictogram": "times",
                    "color": "#e05353",
                    "fk_question": 63
                },
                "246": {
                    "rowid": 246,
                    "ref": "AN2305-0246",
                    "status": 1,
                    "value": "A r\u00e9parer",
                    "position": 3,
                    "pictogram": "tools",
                    "color": "#e9ad4f",
                    "fk_question": 63
                },
                "247": {
                    "rowid": 247,
                    "ref": "AN2305-0247",
                    "status": 1,
                    "value": "NA",
                    "position": 4,
                    "pictogram": "N\/A",
                    "color": "#2b2b2b",
                    "fk_question": 63
                }
            }
        }
    }
}