{
    "sheets": {
        "19": {
            "rowid": 19,
            "ref": "MO2304-0013",
            "status": 2,
            "label": "Check-list ADR",
            "description": null,
            "element_linked": "{\"thirdparty\":1}",
            "mandatory_questions": "{}"
        }
    },
    "element_element": {
        "19": [
            19,
            20,
            21,
            22,
            23,
            24,
            25,
            26,
            27,
            28,
            29,
            30,
            31,
            32,
            33,
            34,
            35
        ]
    },
    "questions": {
        "19": {
            "rowid": 19,
            "ref": "QU2304-0010",
            "status": 2,
            "type": "OkKoToFixNonApplicable",
            "label": "Check-list ADR - \u00c9tat g\u00e9n\u00e9ral du v\u00e9hicule",
            "description": "Aspect int&eacute;rieur et ext&eacute;rieur, propret&eacute;",
            "show_photo": null,
            "authorize_answer_photo": null,
            "enter_comment": null,
            "answers": {
                "125": {
                    "rowid": 125,
                    "ref": "AN2305-0125",
                    "status": 1,
                    "value": "OK",
                    "position": 1,
                    "pictogram": "check",
                    "color": "#47e58e",
                    "fk_question": 19
                },
                "126": {
                    "rowid": 126,
                    "ref": "AN2305-0126",
                    "status": 1,
                    "value": "KO",
                    "position": 2,
                    "pictogram": "times",
                    "color": "#e05353",
                    "fk_question": 19
                },
                "127": {
                    "rowid": 127,
                    "ref": "AN2305-0127",
                    "status": 1,
                    "value": "A r\u00e9parer",
                    "position": 3,
                    "pictogram": "tools",
                    "color": "#e9ad4f",
                    "fk_question": 19
                },
                "128": {
                    "rowid": 128,
                    "ref": "AN2305-0128",
                    "status": 1,
                    "value": "NA",
                    "position": 4,
                    "pictogram": "N\/A",
                    "color": "#2b2b2b",
                    "fk_question": 19
                },
                "395": {
                    "rowid": 395,
                    "ref": "AN2312-0395",
                    "status": 1,
                    "value": "OK",
                    "position": 5,
                    "pictogram": "check",
                    "color": "#47e58e",
                    "fk_question": 19
                },
                "396": {
                    "rowid": 396,
                    "ref": "AN2312-0396",
                    "status": 1,
                    "value": "KO",
                    "position": 6,
                    "pictogram": "times",
                    "color": "#e05353",
                    "fk_question": 19
                },
                "397": {
                    "rowid": 397,
                    "ref": "AN2312-0397",
                    "status": 1,
                    "value": "A r\u00e9parer",
                    "position": 7,
                    "pictogram": "tools",
                    "color": "#e9ad4f",
                    "fk_question": 19
                },
                "398": {
                    "rowid": 398,
                    "ref": "AN2312-0398",
                    "status": 1,
                    "value": "NA",
                    "position": 8,
                    "pictogram": "N\/A",
                    "color": "#2b2b2b",
                    "fk_question": 19
                }
            }
        },
        "20": {
            "rowid": 20,
            "ref": "QU2304-0011",
            "status": 2,
            "type": "OkKoToFixNonApplicable",
            "label": "Check-list ADR - Document de bord",
            "description": "Livre de bord complet et en bon &eacute;tat",
            "show_photo": true,
            "authorize_answer_photo": null,
            "enter_comment": true,
            "answers": {
                "129": {
                    "rowid": 129,
                    "ref": "AN2305-0129",
                    "status": 1,
                    "value": "OK",
                    "position": 1,
                    "pictogram": "check",
                    "color": "#47e58e",
                    "fk_question": 20
                },
                "130": {
                    "rowid": 130,
                    "ref": "AN2305-0130",
                    "status": 1,
                    "value": "KO",
                    "position": 2,
                    "pictogram": "times",
                    "color": "#e05353",
                    "fk_question": 20
                },
                "131": {
                    "rowid": 131,
                    "ref": "AN2305-0131",
                    "status": 1,
                    "value": "A r\u00e9parer",
                    "position": 3,
                    "pictogram": "tools",
                    "color": "#e9ad4f",
                    "fk_question": 20
                },
                "132": {
                    "rowid": 132,
                    "ref": "AN2305-0132",
                    "status": 1,
                    "value": "NA",
                    "position": 4,
                    "pictogram": "N\/A",
                    "color": "#2b2b2b",
                    "fk_question": 20
                },
                "399": {
                    "rowid": 399,
                    "ref": "AN2312-0399",
                    "status": 1,
                    "value": "OK",
                    "position": 5,
                    "pictogram": "check",
                    "color": "#47e58e",
                    "fk_question": 20
                },
                "400": {
                    "rowid": 400,
                    "ref": "AN2312-0400",
                    "status": 1,
                    "value": "KO",
                    "position": 6,
                    "pictogram": "times",
                    "color": "#e05353",
                    "fk_question": 20
                },
                "401": {
                    "rowid": 401,
                    "ref": "AN2312-0401",
                    "status": 1,
                    "value": "A r\u00e9parer",
                    "position": 7,
                    "pictogram": "tools",
                    "color": "#e9ad4f",
                    "fk_question": 20
                },
                "402": {
                    "rowid": 402,
                    "ref": "AN2312-0402",
                    "status": 1,
                    "value": "NA",
                    "position": 8,
                    "pictogram": "N\/A",
                    "color": "#2b2b2b",
                    "fk_question": 20
                }
            }
        },
        "21": {
            "rowid": 21,
            "ref": "QU2304-0012",
            "status": 2,
            "type": "OkKoToFixNonApplicable",
            "label": "Check-list ADR - Document de bord",
            "description": "<strong>Consignes &eacute;crites de s&eacute;curit&eacute;<\/strong> - 4 pages format A4",
            "show_photo": true,
            "authorize_answer_photo": false,
            "enter_comment": true,
            "answers": {
                "133": {
                    "rowid": 133,
                    "ref": "AN2305-0133",
                    "status": 1,
                    "value": "OK",
                    "position": 1,
                    "pictogram": "check",
                    "color": "#47e58e",
                    "fk_question": 21
                },
                "134": {
                    "rowid": 134,
                    "ref": "AN2305-0134",
                    "status": 1,
                    "value": "KO",
                    "position": 2,
                    "pictogram": "times",
                    "color": "#e05353",
                    "fk_question": 21
                },
                "135": {
                    "rowid": 135,
                    "ref": "AN2305-0135",
                    "status": 1,
                    "value": "A r\u00e9parer",
                    "position": 3,
                    "pictogram": "tools",
                    "color": "#e9ad4f",
                    "fk_question": 21
                },
                "136": {
                    "rowid": 136,
                    "ref": "AN2305-0136",
                    "status": 1,
                    "value": "NA",
                    "position": 4,
                    "pictogram": "N\/A",
                    "color": "#2b2b2b",
                    "fk_question": 21
                },
                "403": {
                    "rowid": 403,
                    "ref": "AN2312-0403",
                    "status": 1,
                    "value": "OK",
                    "position": 5,
                    "pictogram": "check",
                    "color": "#47e58e",
                    "fk_question": 21
                },
                "404": {
                    "rowid": 404,
                    "ref": "AN2312-0404",
                    "status": 1,
                    "value": "KO",
                    "position": 6,
                    "pictogram": "times",
                    "color": "#e05353",
                    "fk_question": 21
                },
                "405": {
                    "rowid": 405,
                    "ref": "AN2312-0405",
                    "status": 1,
                    "value": "A r\u00e9parer",
                    "position": 7,
                    "pictogram": "tools",
                    "color": "#e9ad4f",
                    "fk_question": 21
                },
                "406": {
                    "rowid": 406,
                    "ref": "AN2312-0406",
                    "status": 1,
                    "value": "NA",
                    "position": 8,
                    "pictogram": "N\/A",
                    "color": "#2b2b2b",
                    "fk_question": 21
                }
            }
        },
        "22": {
            "rowid": 22,
            "ref": "QU2304-0013",
            "status": 2,
            "type": "OkKoToFixNonApplicable",
            "label": "Check-list ADR - \u00c9quipements",
            "description": "<strong>1 extincteur de chargement<\/strong> de 2 kg de poudre ABC",
            "show_photo": true,
            "authorize_answer_photo": false,
            "enter_comment": true,
            "answers": {
                "137": {
                    "rowid": 137,
                    "ref": "AN2305-0137",
                    "status": 1,
                    "value": "OK",
                    "position": 1,
                    "pictogram": "check",
                    "color": "#47e58e",
                    "fk_question": 22
                },
                "138": {
                    "rowid": 138,
                    "ref": "AN2305-0138",
                    "status": 1,
                    "value": "KO",
                    "position": 2,
                    "pictogram": "times",
                    "color": "#e05353",
                    "fk_question": 22
                },
                "139": {
                    "rowid": 139,
                    "ref": "AN2305-0139",
                    "status": 1,
                    "value": "A r\u00e9parer",
                    "position": 3,
                    "pictogram": "tools",
                    "color": "#e9ad4f",
                    "fk_question": 22
                },
                "140": {
                    "rowid": 140,
                    "ref": "AN2305-0140",
                    "status": 1,
                    "value": "NA",
                    "position": 4,
                    "pictogram": "N\/A",
                    "color": "#2b2b2b",
                    "fk_question": 22
                },
                "407": {
                    "rowid": 407,
                    "ref": "AN2312-0407",
                    "status": 1,
                    "value": "OK",
                    "position": 5,
                    "pictogram": "check",
                    "color": "#47e58e",
                    "fk_question": 22
                },
                "408": {
                    "rowid": 408,
                    "ref": "AN2312-0408",
                    "status": 1,
                    "value": "KO",
                    "position": 6,
                    "pictogram": "times",
                    "color": "#e05353",
                    "fk_question": 22
                },
                "409": {
                    "rowid": 409,
                    "ref": "AN2312-0409",
                    "status": 1,
                    "value": "A r\u00e9parer",
                    "position": 7,
                    "pictogram": "tools",
                    "color": "#e9ad4f",
                    "fk_question": 22
                },
                "410": {
                    "rowid": 410,
                    "ref": "AN2312-0410",
                    "status": 1,
                    "value": "NA",
                    "position": 8,
                    "pictogram": "N\/A",
                    "color": "#2b2b2b",
                    "fk_question": 22
                }
            }
        },
        "23": {
            "rowid": 23,
            "ref": "QU2304-0014",
            "status": 2,
            "type": "OkKoToFixNonApplicable",
            "label": "Check-list ADR - \u00c9quipements",
            "description": "<strong>1 extincteur cabine&nbsp;<\/strong>de 2 kg de poudre ABC",
            "show_photo": true,
            "authorize_answer_photo": null,
            "enter_comment": true,
            "answers": {
                "141": {
                    "rowid": 141,
                    "ref": "AN2305-0141",
                    "status": 1,
                    "value": "OK",
                    "position": 1,
                    "pictogram": "check",
                    "color": "#47e58e",
                    "fk_question": 23
                },
                "142": {
                    "rowid": 142,
                    "ref": "AN2305-0142",
                    "status": 1,
                    "value": "KO",
                    "position": 2,
                    "pictogram": "times",
                    "color": "#e05353",
                    "fk_question": 23
                },
                "143": {
                    "rowid": 143,
                    "ref": "AN2305-0143",
                    "status": 1,
                    "value": "A r\u00e9parer",
                    "position": 3,
                    "pictogram": "tools",
                    "color": "#e9ad4f",
                    "fk_question": 23
                },
                "144": {
                    "rowid": 144,
                    "ref": "AN2305-0144",
                    "status": 1,
                    "value": "NA",
                    "position": 4,
                    "pictogram": "N\/A",
                    "color": "#2b2b2b",
                    "fk_question": 23
                },
                "411": {
                    "rowid": 411,
                    "ref": "AN2312-0411",
                    "status": 1,
                    "value": "OK",
                    "position": 5,
                    "pictogram": "check",
                    "color": "#47e58e",
                    "fk_question": 23
                },
                "412": {
                    "rowid": 412,
                    "ref": "AN2312-0412",
                    "status": 1,
                    "value": "KO",
                    "position": 6,
                    "pictogram": "times",
                    "color": "#e05353",
                    "fk_question": 23
                },
                "413": {
                    "rowid": 413,
                    "ref": "AN2312-0413",
                    "status": 1,
                    "value": "A r\u00e9parer",
                    "position": 7,
                    "pictogram": "tools",
                    "color": "#e9ad4f",
                    "fk_question": 23
                },
                "414": {
                    "rowid": 414,
                    "ref": "AN2312-0414",
                    "status": 1,
                    "value": "NA",
                    "position": 8,
                    "pictogram": "N\/A",
                    "color": "#2b2b2b",
                    "fk_question": 23
                }
            }
        },
        "24": {
            "rowid": 24,
            "ref": "QU2304-0015",
            "status": 2,
            "type": "OkKoToFixNonApplicable",
            "label": "Check-list ADR - \u00c9quipements",
            "description": "<strong>1 cale<\/strong> au moins appropri&eacute;e &agrave; la dimension des roues par v&eacute;hicule",
            "show_photo": true,
            "authorize_answer_photo": null,
            "enter_comment": true,
            "answers": {
                "145": {
                    "rowid": 145,
                    "ref": "AN2305-0145",
                    "status": 1,
                    "value": "OK",
                    "position": 1,
                    "pictogram": "check",
                    "color": "#47e58e",
                    "fk_question": 24
                },
                "146": {
                    "rowid": 146,
                    "ref": "AN2305-0146",
                    "status": 1,
                    "value": "KO",
                    "position": 2,
                    "pictogram": "times",
                    "color": "#e05353",
                    "fk_question": 24
                },
                "147": {
                    "rowid": 147,
                    "ref": "AN2305-0147",
                    "status": 1,
                    "value": "A r\u00e9parer",
                    "position": 3,
                    "pictogram": "tools",
                    "color": "#e9ad4f",
                    "fk_question": 24
                },
                "148": {
                    "rowid": 148,
                    "ref": "AN2305-0148",
                    "status": 1,
                    "value": "NA",
                    "position": 4,
                    "pictogram": "N\/A",
                    "color": "#2b2b2b",
                    "fk_question": 24
                },
                "415": {
                    "rowid": 415,
                    "ref": "AN2312-0415",
                    "status": 1,
                    "value": "OK",
                    "position": 5,
                    "pictogram": "check",
                    "color": "#47e58e",
                    "fk_question": 24
                },
                "416": {
                    "rowid": 416,
                    "ref": "AN2312-0416",
                    "status": 1,
                    "value": "KO",
                    "position": 6,
                    "pictogram": "times",
                    "color": "#e05353",
                    "fk_question": 24
                },
                "417": {
                    "rowid": 417,
                    "ref": "AN2312-0417",
                    "status": 1,
                    "value": "A r\u00e9parer",
                    "position": 7,
                    "pictogram": "tools",
                    "color": "#e9ad4f",
                    "fk_question": 24
                },
                "418": {
                    "rowid": 418,
                    "ref": "AN2312-0418",
                    "status": 1,
                    "value": "NA",
                    "position": 8,
                    "pictogram": "N\/A",
                    "color": "#2b2b2b",
                    "fk_question": 24
                }
            }
        },
        "25": {
            "rowid": 25,
            "ref": "QU2304-0016",
            "status": 2,
            "type": "OkKoToFixNonApplicable",
            "label": "Check-list ADR - \u00c9quipements",
            "description": "<strong>2 signaux d&#39;avertissement<\/strong> autoporteurs (2 triangles ou 2 c&ocirc;nes r&eacute;fl&eacute;chissants ou 2 feux orange clignotants ind&eacute;pendants)",
            "show_photo": true,
            "authorize_answer_photo": null,
            "enter_comment": true,
            "answers": {
                "149": {
                    "rowid": 149,
                    "ref": "AN2305-0149",
                    "status": 1,
                    "value": "OK",
                    "position": 1,
                    "pictogram": "check",
                    "color": "#47e58e",
                    "fk_question": 25
                },
                "150": {
                    "rowid": 150,
                    "ref": "AN2305-0150",
                    "status": 1,
                    "value": "KO",
                    "position": 2,
                    "pictogram": "times",
                    "color": "#e05353",
                    "fk_question": 25
                },
                "151": {
                    "rowid": 151,
                    "ref": "AN2305-0151",
                    "status": 1,
                    "value": "A r\u00e9parer",
                    "position": 3,
                    "pictogram": "tools",
                    "color": "#e9ad4f",
                    "fk_question": 25
                },
                "152": {
                    "rowid": 152,
                    "ref": "AN2305-0152",
                    "status": 1,
                    "value": "NA",
                    "position": 4,
                    "pictogram": "N\/A",
                    "color": "#2b2b2b",
                    "fk_question": 25
                },
                "419": {
                    "rowid": 419,
                    "ref": "AN2312-0419",
                    "status": 1,
                    "value": "OK",
                    "position": 5,
                    "pictogram": "check",
                    "color": "#47e58e",
                    "fk_question": 25
                },
                "420": {
                    "rowid": 420,
                    "ref": "AN2312-0420",
                    "status": 1,
                    "value": "KO",
                    "position": 6,
                    "pictogram": "times",
                    "color": "#e05353",
                    "fk_question": 25
                },
                "421": {
                    "rowid": 421,
                    "ref": "AN2312-0421",
                    "status": 1,
                    "value": "A r\u00e9parer",
                    "position": 7,
                    "pictogram": "tools",
                    "color": "#e9ad4f",
                    "fk_question": 25
                },
                "422": {
                    "rowid": 422,
                    "ref": "AN2312-0422",
                    "status": 1,
                    "value": "NA",
                    "position": 8,
                    "pictogram": "N\/A",
                    "color": "#2b2b2b",
                    "fk_question": 25
                }
            }
        },
        "26": {
            "rowid": 26,
            "ref": "QU2304-0017",
            "status": 2,
            "type": "OkKoToFixNonApplicable",
            "label": "Check-list ADR - \u00c9quipements",
            "description": "<strong>1 baudrier<\/strong> ou v&ecirc;tement fluorescent par membre d&rsquo;&eacute;quipage",
            "show_photo": true,
            "authorize_answer_photo": null,
            "enter_comment": true,
            "answers": {
                "153": {
                    "rowid": 153,
                    "ref": "AN2305-0153",
                    "status": 1,
                    "value": "OK",
                    "position": 1,
                    "pictogram": "check",
                    "color": "#47e58e",
                    "fk_question": 26
                },
                "154": {
                    "rowid": 154,
                    "ref": "AN2305-0154",
                    "status": 1,
                    "value": "KO",
                    "position": 2,
                    "pictogram": "times",
                    "color": "#e05353",
                    "fk_question": 26
                },
                "155": {
                    "rowid": 155,
                    "ref": "AN2305-0155",
                    "status": 1,
                    "value": "A r\u00e9parer",
                    "position": 3,
                    "pictogram": "tools",
                    "color": "#e9ad4f",
                    "fk_question": 26
                },
                "156": {
                    "rowid": 156,
                    "ref": "AN2305-0156",
                    "status": 1,
                    "value": "NA",
                    "position": 4,
                    "pictogram": "N\/A",
                    "color": "#2b2b2b",
                    "fk_question": 26
                },
                "423": {
                    "rowid": 423,
                    "ref": "AN2312-0423",
                    "status": 1,
                    "value": "OK",
                    "position": 5,
                    "pictogram": "check",
                    "color": "#47e58e",
                    "fk_question": 26
                },
                "424": {
                    "rowid": 424,
                    "ref": "AN2312-0424",
                    "status": 1,
                    "value": "KO",
                    "position": 6,
                    "pictogram": "times",
                    "color": "#e05353",
                    "fk_question": 26
                },
                "425": {
                    "rowid": 425,
                    "ref": "AN2312-0425",
                    "status": 1,
                    "value": "A r\u00e9parer",
                    "position": 7,
                    "pictogram": "tools",
                    "color": "#e9ad4f",
                    "fk_question": 26
                },
                "426": {
                    "rowid": 426,
                    "ref": "AN2312-0426",
                    "status": 1,
                    "value": "NA",
                    "position": 8,
                    "pictogram": "N\/A",
                    "color": "#2b2b2b",
                    "fk_question": 26
                }
            }
        },
        "27": {
            "rowid": 27,
            "ref": "QU2304-0018",
            "status": 2,
            "type": "OkKoToFixNonApplicable",
            "label": "Check-list ADR - \u00c9quipements",
            "description": "<strong>1 lampe de poche<\/strong> &eacute;tanche par membre d&rsquo;&eacute;quipage",
            "show_photo": true,
            "authorize_answer_photo": null,
            "enter_comment": true,
            "answers": {
                "157": {
                    "rowid": 157,
                    "ref": "AN2305-0157",
                    "status": 1,
                    "value": "OK",
                    "position": 1,
                    "pictogram": "check",
                    "color": "#47e58e",
                    "fk_question": 27
                },
                "158": {
                    "rowid": 158,
                    "ref": "AN2305-0158",
                    "status": 1,
                    "value": "KO",
                    "position": 2,
                    "pictogram": "times",
                    "color": "#e05353",
                    "fk_question": 27
                },
                "159": {
                    "rowid": 159,
                    "ref": "AN2305-0159",
                    "status": 1,
                    "value": "A r\u00e9parer",
                    "position": 3,
                    "pictogram": "tools",
                    "color": "#e9ad4f",
                    "fk_question": 27
                },
                "160": {
                    "rowid": 160,
                    "ref": "AN2305-0160",
                    "status": 1,
                    "value": "NA",
                    "position": 4,
                    "pictogram": "N\/A",
                    "color": "#2b2b2b",
                    "fk_question": 27
                },
                "427": {
                    "rowid": 427,
                    "ref": "AN2312-0427",
                    "status": 1,
                    "value": "OK",
                    "position": 5,
                    "pictogram": "check",
                    "color": "#47e58e",
                    "fk_question": 27
                },
                "428": {
                    "rowid": 428,
                    "ref": "AN2312-0428",
                    "status": 1,
                    "value": "KO",
                    "position": 6,
                    "pictogram": "times",
                    "color": "#e05353",
                    "fk_question": 27
                },
                "429": {
                    "rowid": 429,
                    "ref": "AN2312-0429",
                    "status": 1,
                    "value": "A r\u00e9parer",
                    "position": 7,
                    "pictogram": "tools",
                    "color": "#e9ad4f",
                    "fk_question": 27
                },
                "430": {
                    "rowid": 430,
                    "ref": "AN2312-0430",
                    "status": 1,
                    "value": "NA",
                    "position": 8,
                    "pictogram": "N\/A",
                    "color": "#2b2b2b",
                    "fk_question": 27
                }
            }
        },
        "28": {
            "rowid": 28,
            "ref": "QU2304-0019",
            "status": 2,
            "type": "OkKoToFixNonApplicable",
            "label": "Check-list ADR - \u00c9quipements",
            "description": "<strong>1 rince-&oelig;il<\/strong> (Diphot&eacute;rine &reg; ou eau par exemple)",
            "show_photo": false,
            "authorize_answer_photo": true,
            "enter_comment": true,
            "answers": {
                "161": {
                    "rowid": 161,
                    "ref": "AN2305-0161",
                    "status": 1,
                    "value": "OK",
                    "position": 1,
                    "pictogram": "check",
                    "color": "#47e58e",
                    "fk_question": 28
                },
                "162": {
                    "rowid": 162,
                    "ref": "AN2305-0162",
                    "status": 1,
                    "value": "KO",
                    "position": 2,
                    "pictogram": "times",
                    "color": "#e05353",
                    "fk_question": 28
                },
                "163": {
                    "rowid": 163,
                    "ref": "AN2305-0163",
                    "status": 1,
                    "value": "A r\u00e9parer",
                    "position": 3,
                    "pictogram": "tools",
                    "color": "#e9ad4f",
                    "fk_question": 28
                },
                "164": {
                    "rowid": 164,
                    "ref": "AN2305-0164",
                    "status": 1,
                    "value": "NA",
                    "position": 4,
                    "pictogram": "N\/A",
                    "color": "#2b2b2b",
                    "fk_question": 28
                },
                "431": {
                    "rowid": 431,
                    "ref": "AN2312-0431",
                    "status": 1,
                    "value": "OK",
                    "position": 5,
                    "pictogram": "check",
                    "color": "#47e58e",
                    "fk_question": 28
                },
                "432": {
                    "rowid": 432,
                    "ref": "AN2312-0432",
                    "status": 1,
                    "value": "KO",
                    "position": 6,
                    "pictogram": "times",
                    "color": "#e05353",
                    "fk_question": 28
                },
                "433": {
                    "rowid": 433,
                    "ref": "AN2312-0433",
                    "status": 1,
                    "value": "A r\u00e9parer",
                    "position": 7,
                    "pictogram": "tools",
                    "color": "#e9ad4f",
                    "fk_question": 28
                },
                "434": {
                    "rowid": 434,
                    "ref": "AN2312-0434",
                    "status": 1,
                    "value": "NA",
                    "position": 8,
                    "pictogram": "N\/A",
                    "color": "#2b2b2b",
                    "fk_question": 28
                }
            }
        },
        "29": {
            "rowid": 29,
            "ref": "QU2304-0020",
            "status": 2,
            "type": "OkKoToFixNonApplicable",
            "label": "Check-list ADR - \u00c9quipements",
            "description": "<strong>1 paire de gants de protection<\/strong>",
            "show_photo": true,
            "authorize_answer_photo": null,
            "enter_comment": true,
            "answers": {
                "165": {
                    "rowid": 165,
                    "ref": "AN2305-0165",
                    "status": 1,
                    "value": "OK",
                    "position": 1,
                    "pictogram": "check",
                    "color": "#47e58e",
                    "fk_question": 29
                },
                "166": {
                    "rowid": 166,
                    "ref": "AN2305-0166",
                    "status": 1,
                    "value": "KO",
                    "position": 2,
                    "pictogram": "times",
                    "color": "#e05353",
                    "fk_question": 29
                },
                "167": {
                    "rowid": 167,
                    "ref": "AN2305-0167",
                    "status": 1,
                    "value": "A r\u00e9parer",
                    "position": 3,
                    "pictogram": "tools",
                    "color": "#e9ad4f",
                    "fk_question": 29
                },
                "168": {
                    "rowid": 168,
                    "ref": "AN2305-0168",
                    "status": 1,
                    "value": "NA",
                    "position": 4,
                    "pictogram": "N\/A",
                    "color": "#2b2b2b",
                    "fk_question": 29
                },
                "435": {
                    "rowid": 435,
                    "ref": "AN2312-0435",
                    "status": 1,
                    "value": "OK",
                    "position": 5,
                    "pictogram": "check",
                    "color": "#47e58e",
                    "fk_question": 29
                },
                "436": {
                    "rowid": 436,
                    "ref": "AN2312-0436",
                    "status": 1,
                    "value": "KO",
                    "position": 6,
                    "pictogram": "times",
                    "color": "#e05353",
                    "fk_question": 29
                },
                "437": {
                    "rowid": 437,
                    "ref": "AN2312-0437",
                    "status": 1,
                    "value": "A r\u00e9parer",
                    "position": 7,
                    "pictogram": "tools",
                    "color": "#e9ad4f",
                    "fk_question": 29
                },
                "438": {
                    "rowid": 438,
                    "ref": "AN2312-0438",
                    "status": 1,
                    "value": "NA",
                    "position": 8,
                    "pictogram": "N\/A",
                    "color": "#2b2b2b",
                    "fk_question": 29
                }
            }
        },
        "30": {
            "rowid": 30,
            "ref": "QU2304-0021",
            "status": 2,
            "type": "OkKoToFixNonApplicable",
            "label": "Check-list ADR - \u00c9quipements",
            "description": "<strong>1 paire de lunettes de protection<\/strong>",
            "show_photo": true,
            "authorize_answer_photo": null,
            "enter_comment": true,
            "answers": {
                "169": {
                    "rowid": 169,
                    "ref": "AN2305-0169",
                    "status": 1,
                    "value": "OK",
                    "position": 1,
                    "pictogram": "check",
                    "color": "#47e58e",
                    "fk_question": 30
                },
                "170": {
                    "rowid": 170,
                    "ref": "AN2305-0170",
                    "status": 1,
                    "value": "KO",
                    "position": 2,
                    "pictogram": "times",
                    "color": "#e05353",
                    "fk_question": 30
                },
                "171": {
                    "rowid": 171,
                    "ref": "AN2305-0171",
                    "status": 1,
                    "value": "A r\u00e9parer",
                    "position": 3,
                    "pictogram": "tools",
                    "color": "#e9ad4f",
                    "fk_question": 30
                },
                "172": {
                    "rowid": 172,
                    "ref": "AN2305-0172",
                    "status": 1,
                    "value": "NA",
                    "position": 4,
                    "pictogram": "N\/A",
                    "color": "#2b2b2b",
                    "fk_question": 30
                },
                "439": {
                    "rowid": 439,
                    "ref": "AN2312-0439",
                    "status": 1,
                    "value": "OK",
                    "position": 5,
                    "pictogram": "check",
                    "color": "#47e58e",
                    "fk_question": 30
                },
                "440": {
                    "rowid": 440,
                    "ref": "AN2312-0440",
                    "status": 1,
                    "value": "KO",
                    "position": 6,
                    "pictogram": "times",
                    "color": "#e05353",
                    "fk_question": 30
                },
                "441": {
                    "rowid": 441,
                    "ref": "AN2312-0441",
                    "status": 1,
                    "value": "A r\u00e9parer",
                    "position": 7,
                    "pictogram": "tools",
                    "color": "#e9ad4f",
                    "fk_question": 30
                },
                "442": {
                    "rowid": 442,
                    "ref": "AN2312-0442",
                    "status": 1,
                    "value": "NA",
                    "position": 8,
                    "pictogram": "N\/A",
                    "color": "#2b2b2b",
                    "fk_question": 30
                }
            }
        },
        "31": {
            "rowid": 31,
            "ref": "QU2304-0022",
            "status": 2,
            "type": "OkKoToFixNonApplicable",
            "label": "Check-list ADR - \u00c9quipements",
            "description": "<strong>2 panneaux orange vierges<\/strong>, propres",
            "show_photo": true,
            "authorize_answer_photo": null,
            "enter_comment": true,
            "answers": {
                "173": {
                    "rowid": 173,
                    "ref": "AN2305-0173",
                    "status": 1,
                    "value": "OK",
                    "position": 1,
                    "pictogram": "check",
                    "color": "#47e58e",
                    "fk_question": 31
                },
                "174": {
                    "rowid": 174,
                    "ref": "AN2305-0174",
                    "status": 1,
                    "value": "KO",
                    "position": 2,
                    "pictogram": "times",
                    "color": "#e05353",
                    "fk_question": 31
                },
                "175": {
                    "rowid": 175,
                    "ref": "AN2305-0175",
                    "status": 1,
                    "value": "A r\u00e9parer",
                    "position": 3,
                    "pictogram": "tools",
                    "color": "#e9ad4f",
                    "fk_question": 31
                },
                "176": {
                    "rowid": 176,
                    "ref": "AN2305-0176",
                    "status": 1,
                    "value": "NA",
                    "position": 4,
                    "pictogram": "N\/A",
                    "color": "#2b2b2b",
                    "fk_question": 31
                },
                "443": {
                    "rowid": 443,
                    "ref": "AN2312-0443",
                    "status": 1,
                    "value": "OK",
                    "position": 5,
                    "pictogram": "check",
                    "color": "#47e58e",
                    "fk_question": 31
                },
                "444": {
                    "rowid": 444,
                    "ref": "AN2312-0444",
                    "status": 1,
                    "value": "KO",
                    "position": 6,
                    "pictogram": "times",
                    "color": "#e05353",
                    "fk_question": 31
                },
                "445": {
                    "rowid": 445,
                    "ref": "AN2312-0445",
                    "status": 1,
                    "value": "A r\u00e9parer",
                    "position": 7,
                    "pictogram": "tools",
                    "color": "#e9ad4f",
                    "fk_question": 31
                },
                "446": {
                    "rowid": 446,
                    "ref": "AN2312-0446",
                    "status": 1,
                    "value": "NA",
                    "position": 8,
                    "pictogram": "N\/A",
                    "color": "#2b2b2b",
                    "fk_question": 31
                }
            }
        },
        "32": {
            "rowid": 32,
            "ref": "QU2304-0023",
            "status": 2,
            "type": "OkKoToFixNonApplicable",
            "label": "Check-list ADR - \u00c9quipements",
            "description": "<strong>Supports anti-retournement<\/strong> pour panneaux orange (glissi&egrave;res)",
            "show_photo": true,
            "authorize_answer_photo": null,
            "enter_comment": true,
            "answers": {
                "177": {
                    "rowid": 177,
                    "ref": "AN2305-0177",
                    "status": 1,
                    "value": "OK",
                    "position": 1,
                    "pictogram": "check",
                    "color": "#47e58e",
                    "fk_question": 32
                },
                "178": {
                    "rowid": 178,
                    "ref": "AN2305-0178",
                    "status": 1,
                    "value": "KO",
                    "position": 2,
                    "pictogram": "times",
                    "color": "#e05353",
                    "fk_question": 32
                },
                "179": {
                    "rowid": 179,
                    "ref": "AN2305-0179",
                    "status": 1,
                    "value": "A r\u00e9parer",
                    "position": 3,
                    "pictogram": "tools",
                    "color": "#e9ad4f",
                    "fk_question": 32
                },
                "180": {
                    "rowid": 180,
                    "ref": "AN2305-0180",
                    "status": 1,
                    "value": "NA",
                    "position": 4,
                    "pictogram": "N\/A",
                    "color": "#2b2b2b",
                    "fk_question": 32
                },
                "447": {
                    "rowid": 447,
                    "ref": "AN2312-0447",
                    "status": 1,
                    "value": "OK",
                    "position": 5,
                    "pictogram": "check",
                    "color": "#47e58e",
                    "fk_question": 32
                },
                "448": {
                    "rowid": 448,
                    "ref": "AN2312-0448",
                    "status": 1,
                    "value": "KO",
                    "position": 6,
                    "pictogram": "times",
                    "color": "#e05353",
                    "fk_question": 32
                },
                "449": {
                    "rowid": 449,
                    "ref": "AN2312-0449",
                    "status": 1,
                    "value": "A r\u00e9parer",
                    "position": 7,
                    "pictogram": "tools",
                    "color": "#e9ad4f",
                    "fk_question": 32
                },
                "450": {
                    "rowid": 450,
                    "ref": "AN2312-0450",
                    "status": 1,
                    "value": "NA",
                    "position": 8,
                    "pictogram": "N\/A",
                    "color": "#2b2b2b",
                    "fk_question": 32
                }
            }
        },
        "33": {
            "rowid": 33,
            "ref": "QU2304-0024",
            "status": 2,
            "type": "OkKoToFixNonApplicable",
            "label": "Check-list ADR - \u00c9quipements",
            "description": "<strong>1 protection de plaque d&rsquo;&eacute;gout<\/strong> (b&acirc;che plastique)",
            "show_photo": true,
            "authorize_answer_photo": null,
            "enter_comment": true,
            "answers": {
                "181": {
                    "rowid": 181,
                    "ref": "AN2305-0181",
                    "status": 1,
                    "value": "OK",
                    "position": 1,
                    "pictogram": "check",
                    "color": "#47e58e",
                    "fk_question": 33
                },
                "182": {
                    "rowid": 182,
                    "ref": "AN2305-0182",
                    "status": 1,
                    "value": "KO",
                    "position": 2,
                    "pictogram": "times",
                    "color": "#e05353",
                    "fk_question": 33
                },
                "183": {
                    "rowid": 183,
                    "ref": "AN2305-0183",
                    "status": 1,
                    "value": "A r\u00e9parer",
                    "position": 3,
                    "pictogram": "tools",
                    "color": "#e9ad4f",
                    "fk_question": 33
                },
                "184": {
                    "rowid": 184,
                    "ref": "AN2305-0184",
                    "status": 1,
                    "value": "NA",
                    "position": 4,
                    "pictogram": "N\/A",
                    "color": "#2b2b2b",
                    "fk_question": 33
                },
                "451": {
                    "rowid": 451,
                    "ref": "AN2312-0451",
                    "status": 1,
                    "value": "OK",
                    "position": 5,
                    "pictogram": "check",
                    "color": "#47e58e",
                    "fk_question": 33
                },
                "452": {
                    "rowid": 452,
                    "ref": "AN2312-0452",
                    "status": 1,
                    "value": "KO",
                    "position": 6,
                    "pictogram": "times",
                    "color": "#e05353",
                    "fk_question": 33
                },
                "453": {
                    "rowid": 453,
                    "ref": "AN2312-0453",
                    "status": 1,
                    "value": "A r\u00e9parer",
                    "position": 7,
                    "pictogram": "tools",
                    "color": "#e9ad4f",
                    "fk_question": 33
                },
                "454": {
                    "rowid": 454,
                    "ref": "AN2312-0454",
                    "status": 1,
                    "value": "NA",
                    "position": 8,
                    "pictogram": "N\/A",
                    "color": "#2b2b2b",
                    "fk_question": 33
                }
            }
        },
        "34": {
            "rowid": 34,
            "ref": "QU2304-0025",
            "status": 2,
            "type": "OkKoToFixNonApplicable",
            "label": "Check-list ADR - \u00c9quipements",
            "description": "<strong>1 r&eacute;servoir collecteur<\/strong> (seau)",
            "show_photo": true,
            "authorize_answer_photo": null,
            "enter_comment": true,
            "answers": {
                "185": {
                    "rowid": 185,
                    "ref": "AN2305-0185",
                    "status": 1,
                    "value": "OK",
                    "position": 1,
                    "pictogram": "check",
                    "color": "#47e58e",
                    "fk_question": 34
                },
                "186": {
                    "rowid": 186,
                    "ref": "AN2305-0186",
                    "status": 1,
                    "value": "KO",
                    "position": 2,
                    "pictogram": "times",
                    "color": "#e05353",
                    "fk_question": 34
                },
                "187": {
                    "rowid": 187,
                    "ref": "AN2305-0187",
                    "status": 1,
                    "value": "A r\u00e9parer",
                    "position": 3,
                    "pictogram": "tools",
                    "color": "#e9ad4f",
                    "fk_question": 34
                },
                "188": {
                    "rowid": 188,
                    "ref": "AN2305-0188",
                    "status": 1,
                    "value": "NA",
                    "position": 4,
                    "pictogram": "N\/A",
                    "color": "#2b2b2b",
                    "fk_question": 34
                },
                "455": {
                    "rowid": 455,
                    "ref": "AN2312-0455",
                    "status": 1,
                    "value": "OK",
                    "position": 5,
                    "pictogram": "check",
                    "color": "#47e58e",
                    "fk_question": 34
                },
                "456": {
                    "rowid": 456,
                    "ref": "AN2312-0456",
                    "status": 1,
                    "value": "KO",
                    "position": 6,
                    "pictogram": "times",
                    "color": "#e05353",
                    "fk_question": 34
                },
                "457": {
                    "rowid": 457,
                    "ref": "AN2312-0457",
                    "status": 1,
                    "value": "A r\u00e9parer",
                    "position": 7,
                    "pictogram": "tools",
                    "color": "#e9ad4f",
                    "fk_question": 34
                },
                "458": {
                    "rowid": 458,
                    "ref": "AN2312-0458",
                    "status": 1,
                    "value": "NA",
                    "position": 8,
                    "pictogram": "N\/A",
                    "color": "#2b2b2b",
                    "fk_question": 34
                }
            }
        },
        "35": {
            "rowid": 35,
            "ref": "QU2304-0026",
            "status": 2,
            "type": "OkKoToFixNonApplicable",
            "label": "Check-list ADR - \u00c9quipements",
            "description": "<strong>1 pelle<\/strong>",
            "show_photo": true,
            "authorize_answer_photo": null,
            "enter_comment": true,
            "answers": {
                "189": {
                    "rowid": 189,
                    "ref": "AN2305-0189",
                    "status": 1,
                    "value": "OK",
                    "position": 1,
                    "pictogram": "check",
                    "color": "#47e58e",
                    "fk_question": 35
                },
                "190": {
                    "rowid": 190,
                    "ref": "AN2305-0190",
                    "status": 1,
                    "value": "KO",
                    "position": 2,
                    "pictogram": "times",
                    "color": "#e05353",
                    "fk_question": 35
                },
                "191": {
                    "rowid": 191,
                    "ref": "AN2305-0191",
                    "status": 1,
                    "value": "A r\u00e9parer",
                    "position": 3,
                    "pictogram": "tools",
                    "color": "#e9ad4f",
                    "fk_question": 35
                },
                "192": {
                    "rowid": 192,
                    "ref": "AN2305-0192",
                    "status": 1,
                    "value": "NA",
                    "position": 4,
                    "pictogram": "N\/A",
                    "color": "#2b2b2b",
                    "fk_question": 35
                },
                "459": {
                    "rowid": 459,
                    "ref": "AN2312-0459",
                    "status": 1,
                    "value": "OK",
                    "position": 5,
                    "pictogram": "check",
                    "color": "#47e58e",
                    "fk_question": 35
                },
                "460": {
                    "rowid": 460,
                    "ref": "AN2312-0460",
                    "status": 1,
                    "value": "KO",
                    "position": 6,
                    "pictogram": "times",
                    "color": "#e05353",
                    "fk_question": 35
                },
                "461": {
                    "rowid": 461,
                    "ref": "AN2312-0461",
                    "status": 1,
                    "value": "A r\u00e9parer",
                    "position": 7,
                    "pictogram": "tools",
                    "color": "#e9ad4f",
                    "fk_question": 35
                },
                "462": {
                    "rowid": 462,
                    "ref": "AN2312-0462",
                    "status": 1,
                    "value": "NA",
                    "position": 8,
                    "pictogram": "N\/A",
                    "color": "#2b2b2b",
                    "fk_question": 35
                }
            }
        }
    }
}