{
    "sheets": {
        "4": {
            "rowid": 4,
            "ref": "MO2307-0004",
            "status": 2,
            "label": "Visite Document Unique",
            "description": "Ces &eacute;l&eacute;ments ont &eacute;t&eacute; vus lors de visites de mise &agrave; jour du Document Unique",
            "element_linked": "{\"project\":1}",
            "mandatory_questions": "{}"
        }
    },
    "element_element": {
        "4": [
            13,
            14,
            15
        ]
    },
    "questions": {
        "13": {
            "rowid": 13,
            "ref": "QU2307-0013",
            "status": 2,
            "type": "Text",
            "label": "DU-Personnels-rencontr\u00e9s",
            "description": "Les personnels rencontr&eacute;s pendant la visite",
            "show_photo": null,
            "authorize_answer_photo": null,
            "enter_comment": true
        },
        "14": {
            "rowid": 14,
            "ref": "QU2307-0014",
            "status": 2,
            "type": "OkKoToFixNonApplicable",
            "label": "Dangers graves et imminents vus lors de la visite",
            "description": "Un danger grave est un danger susceptible de produire un accident ou une maladie entra&icirc;nant la mort ou une incapacit&eacute; permanente ou temporaire prolong&eacute;e (selon la circulaire de la direction g&eacute;n&eacute;rale du travail du 25 mars 1993).<br \/>\r\n<br \/>\r\nUn danger imminent signifie que dans un d&eacute;lai tr&egrave;s rapproch&eacute;, un accident ou une maladie professionnelle peut se produire. Le risque &agrave; effet diff&eacute;r&eacute; fait partie de la notion de danger grave et imminent. Il n&rsquo;est pas n&eacute;cessaire que le dommage se produise de mani&egrave;re imminente, c&rsquo;est l&rsquo;exposition qui doit &ecirc;tre imminente.",
            "show_photo": null,
            "authorize_answer_photo": true,
            "enter_comment": true,
            "answers": {
                "49": {
                    "rowid": 49,
                    "ref": "AN2307-0049",
                    "status": 1,
                    "value": "OK",
                    "position": 1,
                    "pictogram": "check",
                    "color": "#47e58e",
                    "fk_question": 14
                },
                "50": {
                    "rowid": 50,
                    "ref": "AN2307-0050",
                    "status": 1,
                    "value": "KO",
                    "position": 2,
                    "pictogram": "times",
                    "color": "#e05353",
                    "fk_question": 14
                },
                "51": {
                    "rowid": 51,
                    "ref": "AN2307-0051",
                    "status": 1,
                    "value": "A r\u00e9parer",
                    "position": 3,
                    "pictogram": "tools",
                    "color": "#e9ad4f",
                    "fk_question": 14
                },
                "52": {
                    "rowid": 52,
                    "ref": "AN2307-0052",
                    "status": 1,
                    "value": "NA",
                    "position": 4,
                    "pictogram": "N\/A",
                    "color": "#2b2b2b",
                    "fk_question": 14
                }
            }
        },
        "15": {
            "rowid": 15,
            "ref": "QU2307-0015",
            "status": 2,
            "type": "OkKoToFixNonApplicable",
            "label": "Photos de risques vus lors de la visite",
            "description": "Photos de risques vus lors de la visite",
            "show_photo": null,
            "authorize_answer_photo": true,
            "enter_comment": true,
            "answers": {
                "53": {
                    "rowid": 53,
                    "ref": "AN2307-0053",
                    "status": 1,
                    "value": "OK",
                    "position": 1,
                    "pictogram": "check",
                    "color": "#47e58e",
                    "fk_question": 15
                },
                "54": {
                    "rowid": 54,
                    "ref": "AN2307-0054",
                    "status": 1,
                    "value": "KO",
                    "position": 2,
                    "pictogram": "times",
                    "color": "#e05353",
                    "fk_question": 15
                },
                "55": {
                    "rowid": 55,
                    "ref": "AN2307-0055",
                    "status": 1,
                    "value": "A r\u00e9parer",
                    "position": 3,
                    "pictogram": "tools",
                    "color": "#e9ad4f",
                    "fk_question": 15
                },
                "56": {
                    "rowid": 56,
                    "ref": "AN2307-0056",
                    "status": 1,
                    "value": "NA",
                    "position": 4,
                    "pictogram": "N\/A",
                    "color": "#2b2b2b",
                    "fk_question": 15
                }
            }
        }
    }
}