{
    "sheets": {
        "5": {
            "rowid": 5,
            "ref": "MO2308-0005",
            "status": 2,
            "label": "Questionnaire de satisfaction stagiaire - Evarisk",
            "description": "Suite &agrave; nos derniers &eacute;changes et afin d&#39;am&eacute;liorer nos services, nous vous proposons de r&eacute;pondre &agrave; ce questionnaire.",
            "element_linked": "{\"user\":1,\"contact\":1}",
            "mandatory_questions": "[\"28\",\"29\",\"37\",\"38\",\"39\",\"41\",\"42\",\"43\",\"44\",\"45\",\"46\",\"47\",\"48\",\"49\",\"27\"]"
        }
    },
    "element_element": {
        "5": [
            27,
            28,
            29,
            30,
            37,
            38,
            39,
            41,
            42,
            43,
            44,
            45,
            46,
            47,
            48,
            49
        ]
    },
    "questions": {
        "27": {
            "rowid": 27,
            "ref": "QU2308-0027",
            "status": 2,
            "type": "Text",
            "label": "Pr\u00e9nom",
            "description": "",
            "show_photo": false,
            "authorize_answer_photo": false,
            "enter_comment": false
        },
        "28": {
            "rowid": 28,
            "ref": "QU2308-0028",
            "status": 2,
            "type": "Text",
            "label": "Nom",
            "description": "",
            "show_photo": false,
            "authorize_answer_photo": false,
            "enter_comment": false
        },
        "29": {
            "rowid": 29,
            "ref": "QU2308-0029",
            "status": 2,
            "type": "Text",
            "label": "Soci\u00e9t\u00e9",
            "description": "",
            "show_photo": false,
            "authorize_answer_photo": false,
            "enter_comment": false
        },
        "30": {
            "rowid": 30,
            "ref": "QU2308-0030",
            "status": 2,
            "type": "Text",
            "label": "Adresse e-mail",
            "description": "",
            "show_photo": false,
            "authorize_answer_photo": false,
            "enter_comment": false
        },
        "37": {
            "rowid": 37,
            "ref": "QU2308-0037",
            "status": 2,
            "type": "Text",
            "label": "L'intitul\u00e9 de la formation suivi",
            "description": "",
            "show_photo": false,
            "authorize_answer_photo": false,
            "enter_comment": false
        },
        "38": {
            "rowid": 38,
            "ref": "QU2308-0038",
            "status": 2,
            "type": "Text",
            "label": "La date du premier jour de formation",
            "description": "Date et heure si possible.",
            "show_photo": false,
            "authorize_answer_photo": false,
            "enter_comment": false
        },
        "39": {
            "rowid": 39,
            "ref": "QU2308-0039",
            "status": 2,
            "type": "Text",
            "label": "Le nom de votre formateur",
            "description": "",
            "show_photo": false,
            "authorize_answer_photo": false,
            "enter_comment": false
        },
        "41": {
            "rowid": 41,
            "ref": "QU2308-0040",
            "status": 2,
            "type": "MultipleChoices",
            "label": "Information pr\u00e9alable (convocation, plan d'acc\u00e8s, programme et but de la formation)",
            "description": "Notez d&#39;une croix votre appr&eacute;ciation sur l&#39;&eacute;chelle de 1 &agrave; 4<br \/>\r\n1 = pas satisfait 2 = peu satisfait 3 = satisfait 4 = tr&egrave;s satisfait",
            "show_photo": false,
            "authorize_answer_photo": false,
            "enter_comment": false,
            "answers": {
                "121": {
                    "rowid": 121,
                    "ref": "AN2308-0111",
                    "status": 1,
                    "value": "1",
                    "position": 1,
                    "pictogram": "",
                    "color": "#bebebe",
                    "fk_question": 41
                },
                "122": {
                    "rowid": 122,
                    "ref": "AN2308-0112",
                    "status": 1,
                    "value": "2",
                    "position": 2,
                    "pictogram": "",
                    "color": "#bebebe",
                    "fk_question": 41
                },
                "123": {
                    "rowid": 123,
                    "ref": "AN2308-0113",
                    "status": 1,
                    "value": "3",
                    "position": 3,
                    "pictogram": "",
                    "color": "#bebebe",
                    "fk_question": 41
                },
                "124": {
                    "rowid": 124,
                    "ref": "AN2308-0114",
                    "status": 1,
                    "value": "4",
                    "position": 4,
                    "pictogram": "",
                    "color": "#bebebe",
                    "fk_question": 41
                }
            }
        },
        "42": {
            "rowid": 42,
            "ref": "QU2308-0041",
            "status": 2,
            "type": "MultipleChoices",
            "label": "Accueil",
            "description": "Notez d&#39;une croix votre appr&eacute;ciation sur l&#39;&eacute;chelle de 1 &agrave; 4<br \/>\r\n1 = pas satisfait 2 = peu satisfait 3 = satisfait 4 = tr&egrave;s satisfait",
            "show_photo": false,
            "authorize_answer_photo": false,
            "enter_comment": false,
            "answers": {
                "125": {
                    "rowid": 125,
                    "ref": "AN2308-0115",
                    "status": 1,
                    "value": "1",
                    "position": 1,
                    "pictogram": "",
                    "color": "#bebebe",
                    "fk_question": 42
                },
                "126": {
                    "rowid": 126,
                    "ref": "AN2308-0116",
                    "status": 1,
                    "value": "2",
                    "position": 2,
                    "pictogram": "",
                    "color": "#bebebe",
                    "fk_question": 42
                },
                "127": {
                    "rowid": 127,
                    "ref": "AN2308-0117",
                    "status": 1,
                    "value": "3",
                    "position": 3,
                    "pictogram": "",
                    "color": "#bebebe",
                    "fk_question": 42
                },
                "128": {
                    "rowid": 128,
                    "ref": "AN2308-0118",
                    "status": 1,
                    "value": "4",
                    "position": 4,
                    "pictogram": "",
                    "color": "#bebebe",
                    "fk_question": 42
                }
            }
        },
        "43": {
            "rowid": 43,
            "ref": "QU2308-0042",
            "status": 2,
            "type": "MultipleChoices",
            "label": "Animation",
            "description": "Notez d&#39;une croix votre appr&eacute;ciation sur l&#39;&eacute;chelle de 1 &agrave; 4<br \/>\r\n1 = pas satisfait 2 = peu satisfait 3 = satisfait 4 = tr&egrave;s satisfait",
            "show_photo": false,
            "authorize_answer_photo": false,
            "enter_comment": false,
            "answers": {
                "129": {
                    "rowid": 129,
                    "ref": "AN2308-0119",
                    "status": 1,
                    "value": "1",
                    "position": 1,
                    "pictogram": "",
                    "color": "#bebebe",
                    "fk_question": 43
                },
                "130": {
                    "rowid": 130,
                    "ref": "AN2308-0120",
                    "status": 1,
                    "value": "2",
                    "position": 2,
                    "pictogram": "",
                    "color": "#bebebe",
                    "fk_question": 43
                },
                "131": {
                    "rowid": 131,
                    "ref": "AN2308-0121",
                    "status": 1,
                    "value": "3",
                    "position": 3,
                    "pictogram": "",
                    "color": "#bebebe",
                    "fk_question": 43
                },
                "132": {
                    "rowid": 132,
                    "ref": "AN2308-0122",
                    "status": 1,
                    "value": "4",
                    "position": 4,
                    "pictogram": "",
                    "color": "#bebebe",
                    "fk_question": 43
                }
            }
        },
        "44": {
            "rowid": 44,
            "ref": "QU2308-0043",
            "status": 2,
            "type": "MultipleChoices",
            "label": "Moyens et supports p\u00e9dagogiques",
            "description": "Notez d&#39;une croix votre appr&eacute;ciation sur l&#39;&eacute;chelle de 1 &agrave; 4<br \/>\r\n1 = pas satisfait 2 = peu satisfait 3 = satisfait 4 = tr&egrave;s satisfait",
            "show_photo": false,
            "authorize_answer_photo": false,
            "enter_comment": false,
            "answers": {
                "133": {
                    "rowid": 133,
                    "ref": "AN2308-0123",
                    "status": 1,
                    "value": "1",
                    "position": 1,
                    "pictogram": "",
                    "color": "#bebebe",
                    "fk_question": 44
                },
                "134": {
                    "rowid": 134,
                    "ref": "AN2308-0124",
                    "status": 1,
                    "value": "2",
                    "position": 2,
                    "pictogram": "",
                    "color": "#bebebe",
                    "fk_question": 44
                },
                "135": {
                    "rowid": 135,
                    "ref": "AN2308-0125",
                    "status": 1,
                    "value": "3",
                    "position": 3,
                    "pictogram": "",
                    "color": "#bebebe",
                    "fk_question": 44
                },
                "136": {
                    "rowid": 136,
                    "ref": "AN2308-0126",
                    "status": 1,
                    "value": "4",
                    "position": 4,
                    "pictogram": "",
                    "color": "#bebebe",
                    "fk_question": 44
                }
            }
        },
        "45": {
            "rowid": 45,
            "ref": "QU2308-0044",
            "status": 2,
            "type": "MultipleChoices",
            "label": "Contenu de la formation",
            "description": "Notez d&#39;une croix votre appr&eacute;ciation sur l&#39;&eacute;chelle de 1 &agrave; 4<br \/>\r\n1 = pas satisfait 2 = peu satisfait 3 = satisfait 4 = tr&egrave;s satisfait",
            "show_photo": false,
            "authorize_answer_photo": false,
            "enter_comment": false,
            "answers": {
                "137": {
                    "rowid": 137,
                    "ref": "AN2308-0127",
                    "status": 1,
                    "value": "1",
                    "position": 1,
                    "pictogram": "",
                    "color": "#bebebe",
                    "fk_question": 45
                },
                "138": {
                    "rowid": 138,
                    "ref": "AN2308-0128",
                    "status": 1,
                    "value": "2",
                    "position": 2,
                    "pictogram": "",
                    "color": "#bebebe",
                    "fk_question": 45
                },
                "139": {
                    "rowid": 139,
                    "ref": "AN2308-0129",
                    "status": 1,
                    "value": "3",
                    "position": 3,
                    "pictogram": "",
                    "color": "#bebebe",
                    "fk_question": 45
                },
                "140": {
                    "rowid": 140,
                    "ref": "AN2308-0130",
                    "status": 1,
                    "value": "4",
                    "position": 4,
                    "pictogram": "",
                    "color": "#bebebe",
                    "fk_question": 45
                }
            }
        },
        "46": {
            "rowid": 46,
            "ref": "QU2308-0045",
            "status": 2,
            "type": "MultipleChoices",
            "label": "Echanges entre les participants",
            "description": "Notez d&#39;une croix votre appr&eacute;ciation sur l&#39;&eacute;chelle de 1 &agrave; 4<br \/>\r\n1 = pas satisfait 2 = peu satisfait 3 = satisfait 4 = tr&egrave;s satisfait",
            "show_photo": false,
            "authorize_answer_photo": false,
            "enter_comment": false,
            "answers": {
                "141": {
                    "rowid": 141,
                    "ref": "AN2308-0131",
                    "status": 1,
                    "value": "1",
                    "position": 1,
                    "pictogram": "",
                    "color": "#bebebe",
                    "fk_question": 46
                },
                "142": {
                    "rowid": 142,
                    "ref": "AN2308-0132",
                    "status": 1,
                    "value": "2",
                    "position": 2,
                    "pictogram": "",
                    "color": "#bebebe",
                    "fk_question": 46
                },
                "143": {
                    "rowid": 143,
                    "ref": "AN2308-0133",
                    "status": 1,
                    "value": "3",
                    "position": 3,
                    "pictogram": "",
                    "color": "#bebebe",
                    "fk_question": 46
                },
                "144": {
                    "rowid": 144,
                    "ref": "AN2308-0134",
                    "status": 1,
                    "value": "4",
                    "position": 4,
                    "pictogram": "",
                    "color": "#bebebe",
                    "fk_question": 46
                }
            }
        },
        "47": {
            "rowid": 47,
            "ref": "QU2308-0046",
            "status": 2,
            "type": "MultipleChoices",
            "label": "Organisation mat\u00e9rielle (salle, restaurant)",
            "description": "Notez d&#39;une croix votre appr&eacute;ciation sur l&#39;&eacute;chelle de 1 &agrave; 4<br \/>\r\n1 = pas satisfait 2 = peu satisfait 3 = satisfait 4 = tr&egrave;s satisfait",
            "show_photo": false,
            "authorize_answer_photo": false,
            "enter_comment": false,
            "answers": {
                "145": {
                    "rowid": 145,
                    "ref": "AN2308-0135",
                    "status": 1,
                    "value": "1",
                    "position": 1,
                    "pictogram": "",
                    "color": "#bebebe",
                    "fk_question": 47
                },
                "146": {
                    "rowid": 146,
                    "ref": "AN2308-0136",
                    "status": 1,
                    "value": "2",
                    "position": 2,
                    "pictogram": "",
                    "color": "#bebebe",
                    "fk_question": 47
                },
                "147": {
                    "rowid": 147,
                    "ref": "AN2308-0137",
                    "status": 1,
                    "value": "3",
                    "position": 3,
                    "pictogram": "",
                    "color": "#bebebe",
                    "fk_question": 47
                },
                "148": {
                    "rowid": 148,
                    "ref": "AN2308-0138",
                    "status": 1,
                    "value": "4",
                    "position": 4,
                    "pictogram": "",
                    "color": "#bebebe",
                    "fk_question": 47
                }
            }
        },
        "48": {
            "rowid": 48,
            "ref": "QU2308-0047",
            "status": 2,
            "type": "MultipleChoices",
            "label": "Possibilit\u00e9 de mise en pratique des acquis",
            "description": "Notez d&#39;une croix votre appr&eacute;ciation sur l&#39;&eacute;chelle de 1 &agrave; 4<br \/>\r\n1 = pas satisfait 2 = peu satisfait 3 = satisfait 4 = tr&egrave;s satisfait",
            "show_photo": false,
            "authorize_answer_photo": false,
            "enter_comment": false,
            "answers": {
                "149": {
                    "rowid": 149,
                    "ref": "AN2308-0139",
                    "status": 1,
                    "value": "1",
                    "position": 1,
                    "pictogram": "",
                    "color": "#bebebe",
                    "fk_question": 48
                },
                "150": {
                    "rowid": 150,
                    "ref": "AN2308-0140",
                    "status": 1,
                    "value": "2",
                    "position": 2,
                    "pictogram": "",
                    "color": "#bebebe",
                    "fk_question": 48
                },
                "151": {
                    "rowid": 151,
                    "ref": "AN2308-0141",
                    "status": 1,
                    "value": "3",
                    "position": 3,
                    "pictogram": "",
                    "color": "#bebebe",
                    "fk_question": 48
                },
                "152": {
                    "rowid": 152,
                    "ref": "AN2308-0142",
                    "status": 1,
                    "value": "4",
                    "position": 4,
                    "pictogram": "",
                    "color": "#bebebe",
                    "fk_question": 48
                }
            }
        },
        "49": {
            "rowid": 49,
            "ref": "QU2308-0048",
            "status": 2,
            "type": "Text",
            "label": "Indiquez votre appr\u00e9ciation g\u00e9n\u00e9rale concernant cette formation",
            "description": "",
            "show_photo": false,
            "authorize_answer_photo": false,
            "enter_comment": false
        }
    }
}