{
    "sheets": {
        "18": {
            "rowid": 18,
            "ref": "MO2403-0018",
            "status": 2,
            "label": "Escabeaux - Marche Pied",
            "description": "Contr&ocirc;le d&#39;un escabeau et\/ marche pied",
            "element_linked": "{\"productlot\":1}",
            "mandatory_questions": "{}"
        }
    },
    "element_element": {
        "18": [
            102,
            103,
            104,
            105,
            106,
            107,
            108,
            109,
            110,
            111,
            112,
            113
        ]
    },
    "questions": {
        "102": {
            "rowid": 102,
            "ref": "QU2403-0102",
            "status": 2,
            "type": "OkKoToFixNonApplicable",
            "label": "Contr\u00f4le visuel de l\u2019\u00e9tat g\u00e9n\u00e9ral et pr\u00e9sence de tous\u00a0les accessoires",
            "description": "Contr&ocirc;le visuel de l&rsquo;&eacute;tat g&eacute;n&eacute;ral et pr&eacute;sence de tous&nbsp;les accessoires",
            "show_photo": null,
            "authorize_answer_photo": true,
            "enter_comment": null,
            "answers": {
                "443": {
                    "rowid": 443,
                    "ref": "AN2403-0439",
                    "status": 1,
                    "value": "OK",
                    "position": 1,
                    "pictogram": "check",
                    "color": "#47e58e",
                    "fk_question": 102
                },
                "444": {
                    "rowid": 444,
                    "ref": "AN2403-0440",
                    "status": 1,
                    "value": "KO",
                    "position": 2,
                    "pictogram": "times",
                    "color": "#e05353",
                    "fk_question": 102
                },
                "445": {
                    "rowid": 445,
                    "ref": "AN2403-0441",
                    "status": 1,
                    "value": "A r\u00e9parer",
                    "position": 3,
                    "pictogram": "tools",
                    "color": "#e9ad4f",
                    "fk_question": 102
                },
                "446": {
                    "rowid": 446,
                    "ref": "AN2403-0442",
                    "status": 1,
                    "value": "NA",
                    "position": 4,
                    "pictogram": "N\/A",
                    "color": "#2b2b2b",
                    "fk_question": 102
                }
            }
        },
        "103": {
            "rowid": 103,
            "ref": "QU2403-0103",
            "status": 2,
            "type": "OkKoToFixNonApplicable",
            "label": "Contr\u00f4le visuel de la d\u00e9formation \u00e9ventuelle des marches, montants",
            "description": "Contr&ocirc;le visuel de la d&eacute;formation &eacute;ventuelle des marches, montants",
            "show_photo": false,
            "authorize_answer_photo": true,
            "enter_comment": false,
            "answers": {
                "447": {
                    "rowid": 447,
                    "ref": "AN2403-0443",
                    "status": 1,
                    "value": "OK",
                    "position": 1,
                    "pictogram": "check",
                    "color": "#47e58e",
                    "fk_question": 103
                },
                "448": {
                    "rowid": 448,
                    "ref": "AN2403-0444",
                    "status": 1,
                    "value": "KO",
                    "position": 2,
                    "pictogram": "times",
                    "color": "#e05353",
                    "fk_question": 103
                },
                "449": {
                    "rowid": 449,
                    "ref": "AN2403-0445",
                    "status": 1,
                    "value": "A r\u00e9parer",
                    "position": 3,
                    "pictogram": "tools",
                    "color": "#e9ad4f",
                    "fk_question": 103
                },
                "450": {
                    "rowid": 450,
                    "ref": "AN2403-0446",
                    "status": 1,
                    "value": "NA",
                    "position": 4,
                    "pictogram": "N\/A",
                    "color": "#2b2b2b",
                    "fk_question": 103
                }
            }
        },
        "104": {
            "rowid": 104,
            "ref": "QU2403-0104",
            "status": 2,
            "type": "OkKoToFixNonApplicable",
            "label": "Contr\u00f4le visuel des sertissages (assemblage montant-marches)",
            "description": "Contr&ocirc;le visuel des sertissages (assemblage montant-marches)",
            "show_photo": false,
            "authorize_answer_photo": true,
            "enter_comment": false,
            "answers": {
                "451": {
                    "rowid": 451,
                    "ref": "AN2403-0447",
                    "status": 1,
                    "value": "OK",
                    "position": 1,
                    "pictogram": "check",
                    "color": "#47e58e",
                    "fk_question": 104
                },
                "452": {
                    "rowid": 452,
                    "ref": "AN2403-0448",
                    "status": 1,
                    "value": "KO",
                    "position": 2,
                    "pictogram": "times",
                    "color": "#e05353",
                    "fk_question": 104
                },
                "453": {
                    "rowid": 453,
                    "ref": "AN2403-0449",
                    "status": 1,
                    "value": "A r\u00e9parer",
                    "position": 3,
                    "pictogram": "tools",
                    "color": "#e9ad4f",
                    "fk_question": 104
                },
                "454": {
                    "rowid": 454,
                    "ref": "AN2403-0450",
                    "status": 1,
                    "value": "NA",
                    "position": 4,
                    "pictogram": "N\/A",
                    "color": "#2b2b2b",
                    "fk_question": 104
                }
            }
        },
        "105": {
            "rowid": 105,
            "ref": "QU2403-0105",
            "status": 2,
            "type": "OkKoToFixNonApplicable",
            "label": "Contr\u00f4le visuel de l\u2019usure ou manque des sabots",
            "description": "Contr&ocirc;le visuel de l&rsquo;usure ou manque des sabots",
            "show_photo": false,
            "authorize_answer_photo": true,
            "enter_comment": false,
            "answers": {
                "455": {
                    "rowid": 455,
                    "ref": "AN2403-0451",
                    "status": 1,
                    "value": "OK",
                    "position": 1,
                    "pictogram": "check",
                    "color": "#47e58e",
                    "fk_question": 105
                },
                "456": {
                    "rowid": 456,
                    "ref": "AN2403-0452",
                    "status": 1,
                    "value": "KO",
                    "position": 2,
                    "pictogram": "times",
                    "color": "#e05353",
                    "fk_question": 105
                },
                "457": {
                    "rowid": 457,
                    "ref": "AN2403-0453",
                    "status": 1,
                    "value": "A r\u00e9parer",
                    "position": 3,
                    "pictogram": "tools",
                    "color": "#e9ad4f",
                    "fk_question": 105
                },
                "458": {
                    "rowid": 458,
                    "ref": "AN2403-0454",
                    "status": 1,
                    "value": "NA",
                    "position": 4,
                    "pictogram": "N\/A",
                    "color": "#2b2b2b",
                    "fk_question": 105
                }
            }
        },
        "106": {
            "rowid": 106,
            "ref": "QU2403-0106",
            "status": 2,
            "type": "OkKoToFixNonApplicable",
            "label": "Pr\u00e9sence des \u00e9tiquettes de s\u00e9curit\u00e9",
            "description": "Pr&eacute;sence des &eacute;tiquettes de s&eacute;curit&eacute;",
            "show_photo": false,
            "authorize_answer_photo": true,
            "enter_comment": false,
            "answers": {
                "459": {
                    "rowid": 459,
                    "ref": "AN2403-0455",
                    "status": 1,
                    "value": "OK",
                    "position": 1,
                    "pictogram": "check",
                    "color": "#47e58e",
                    "fk_question": 106
                },
                "460": {
                    "rowid": 460,
                    "ref": "AN2403-0456",
                    "status": 1,
                    "value": "KO",
                    "position": 2,
                    "pictogram": "times",
                    "color": "#e05353",
                    "fk_question": 106
                },
                "461": {
                    "rowid": 461,
                    "ref": "AN2403-0457",
                    "status": 1,
                    "value": "A r\u00e9parer",
                    "position": 3,
                    "pictogram": "tools",
                    "color": "#e9ad4f",
                    "fk_question": 106
                },
                "462": {
                    "rowid": 462,
                    "ref": "AN2403-0458",
                    "status": 1,
                    "value": "NA",
                    "position": 4,
                    "pictogram": "N\/A",
                    "color": "#2b2b2b",
                    "fk_question": 106
                }
            }
        },
        "107": {
            "rowid": 107,
            "ref": "QU2403-0107",
            "status": 2,
            "type": "OkKoToFixNonApplicable",
            "label": "Pr\u00e9sence de la tablette porte-outils",
            "description": "Pr&eacute;sence de la tablette porte-outils",
            "show_photo": false,
            "authorize_answer_photo": true,
            "enter_comment": false,
            "answers": {
                "463": {
                    "rowid": 463,
                    "ref": "AN2403-0459",
                    "status": 1,
                    "value": "OK",
                    "position": 1,
                    "pictogram": "check",
                    "color": "#47e58e",
                    "fk_question": 107
                },
                "464": {
                    "rowid": 464,
                    "ref": "AN2403-0460",
                    "status": 1,
                    "value": "KO",
                    "position": 2,
                    "pictogram": "times",
                    "color": "#e05353",
                    "fk_question": 107
                },
                "465": {
                    "rowid": 465,
                    "ref": "AN2403-0461",
                    "status": 1,
                    "value": "A r\u00e9parer",
                    "position": 3,
                    "pictogram": "tools",
                    "color": "#e9ad4f",
                    "fk_question": 107
                },
                "466": {
                    "rowid": 466,
                    "ref": "AN2403-0462",
                    "status": 1,
                    "value": "NA",
                    "position": 4,
                    "pictogram": "N\/A",
                    "color": "#2b2b2b",
                    "fk_question": 107
                }
            }
        },
        "108": {
            "rowid": 108,
            "ref": "QU2403-0108",
            "status": 2,
            "type": "OkKoToFixNonApplicable",
            "label": "Contr\u00f4le de la liaison des 2 plans (articulation)",
            "description": "Contr&ocirc;le de la liaison des 2 plans (articulation)",
            "show_photo": false,
            "authorize_answer_photo": true,
            "enter_comment": false,
            "answers": {
                "467": {
                    "rowid": 467,
                    "ref": "AN2403-0463",
                    "status": 1,
                    "value": "OK",
                    "position": 1,
                    "pictogram": "check",
                    "color": "#47e58e",
                    "fk_question": 108
                },
                "468": {
                    "rowid": 468,
                    "ref": "AN2403-0464",
                    "status": 1,
                    "value": "KO",
                    "position": 2,
                    "pictogram": "times",
                    "color": "#e05353",
                    "fk_question": 108
                },
                "469": {
                    "rowid": 469,
                    "ref": "AN2403-0465",
                    "status": 1,
                    "value": "A r\u00e9parer",
                    "position": 3,
                    "pictogram": "tools",
                    "color": "#e9ad4f",
                    "fk_question": 108
                },
                "470": {
                    "rowid": 470,
                    "ref": "AN2403-0466",
                    "status": 1,
                    "value": "NA",
                    "position": 4,
                    "pictogram": "N\/A",
                    "color": "#2b2b2b",
                    "fk_question": 108
                }
            }
        },
        "109": {
            "rowid": 109,
            "ref": "QU2403-0109",
            "status": 2,
            "type": "OkKoToFixNonApplicable",
            "label": "V\u00e9rifier que les marches ne tournent pas",
            "description": "V&eacute;rifier que les marches ne tournent pas",
            "show_photo": false,
            "authorize_answer_photo": true,
            "enter_comment": false,
            "answers": {
                "471": {
                    "rowid": 471,
                    "ref": "AN2403-0467",
                    "status": 1,
                    "value": "OK",
                    "position": 1,
                    "pictogram": "check",
                    "color": "#47e58e",
                    "fk_question": 109
                },
                "472": {
                    "rowid": 472,
                    "ref": "AN2403-0468",
                    "status": 1,
                    "value": "KO",
                    "position": 2,
                    "pictogram": "times",
                    "color": "#e05353",
                    "fk_question": 109
                },
                "473": {
                    "rowid": 473,
                    "ref": "AN2403-0469",
                    "status": 1,
                    "value": "A r\u00e9parer",
                    "position": 3,
                    "pictogram": "tools",
                    "color": "#e9ad4f",
                    "fk_question": 109
                },
                "474": {
                    "rowid": 474,
                    "ref": "AN2403-0470",
                    "status": 1,
                    "value": "NA",
                    "position": 4,
                    "pictogram": "N\/A",
                    "color": "#2b2b2b",
                    "fk_question": 109
                }
            }
        },
        "110": {
            "rowid": 110,
            "ref": "QU2403-0110",
            "status": 2,
            "type": "OkKoToFixNonApplicable",
            "label": "V\u00e9rifier l\u2019\u00e9tat de la plate-forme (repose-pieds)",
            "description": "V&eacute;rifier l&rsquo;&eacute;tat de la plate-forme (repose-pieds)",
            "show_photo": false,
            "authorize_answer_photo": true,
            "enter_comment": false,
            "answers": {
                "475": {
                    "rowid": 475,
                    "ref": "AN2403-0471",
                    "status": 1,
                    "value": "OK",
                    "position": 1,
                    "pictogram": "check",
                    "color": "#47e58e",
                    "fk_question": 110
                },
                "476": {
                    "rowid": 476,
                    "ref": "AN2403-0472",
                    "status": 1,
                    "value": "KO",
                    "position": 2,
                    "pictogram": "times",
                    "color": "#e05353",
                    "fk_question": 110
                },
                "477": {
                    "rowid": 477,
                    "ref": "AN2403-0473",
                    "status": 1,
                    "value": "A r\u00e9parer",
                    "position": 3,
                    "pictogram": "tools",
                    "color": "#e9ad4f",
                    "fk_question": 110
                },
                "478": {
                    "rowid": 478,
                    "ref": "AN2403-0474",
                    "status": 1,
                    "value": "NA",
                    "position": 4,
                    "pictogram": "N\/A",
                    "color": "#2b2b2b",
                    "fk_question": 110
                }
            }
        },
        "111": {
            "rowid": 111,
            "ref": "QU2403-0111",
            "status": 2,
            "type": "OkKoToFixNonApplicable",
            "label": "V\u00e9rifier la fixation de la plate-forme (biellette)",
            "description": "V&eacute;rifier la fixation de la plate-forme (biellette)",
            "show_photo": false,
            "authorize_answer_photo": true,
            "enter_comment": false,
            "answers": {
                "479": {
                    "rowid": 479,
                    "ref": "AN2403-0475",
                    "status": 1,
                    "value": "OK",
                    "position": 1,
                    "pictogram": "check",
                    "color": "#47e58e",
                    "fk_question": 111
                },
                "480": {
                    "rowid": 480,
                    "ref": "AN2403-0476",
                    "status": 1,
                    "value": "KO",
                    "position": 2,
                    "pictogram": "times",
                    "color": "#e05353",
                    "fk_question": 111
                },
                "481": {
                    "rowid": 481,
                    "ref": "AN2403-0477",
                    "status": 1,
                    "value": "A r\u00e9parer",
                    "position": 3,
                    "pictogram": "tools",
                    "color": "#e9ad4f",
                    "fk_question": 111
                },
                "482": {
                    "rowid": 482,
                    "ref": "AN2403-0478",
                    "status": 1,
                    "value": "NA",
                    "position": 4,
                    "pictogram": "N\/A",
                    "color": "#2b2b2b",
                    "fk_question": 111
                }
            }
        },
        "112": {
            "rowid": 112,
            "ref": "QU2403-0112",
            "status": 2,
            "type": "OkKoToFixNonApplicable",
            "label": "Fermeture et ouverture du produit",
            "description": "Fermeture et ouverture du produit",
            "show_photo": false,
            "authorize_answer_photo": true,
            "enter_comment": false,
            "answers": {
                "483": {
                    "rowid": 483,
                    "ref": "AN2403-0479",
                    "status": 1,
                    "value": "OK",
                    "position": 1,
                    "pictogram": "check",
                    "color": "#47e58e",
                    "fk_question": 112
                },
                "484": {
                    "rowid": 484,
                    "ref": "AN2403-0480",
                    "status": 1,
                    "value": "KO",
                    "position": 2,
                    "pictogram": "times",
                    "color": "#e05353",
                    "fk_question": 112
                },
                "485": {
                    "rowid": 485,
                    "ref": "AN2403-0481",
                    "status": 1,
                    "value": "A r\u00e9parer",
                    "position": 3,
                    "pictogram": "tools",
                    "color": "#e9ad4f",
                    "fk_question": 112
                },
                "486": {
                    "rowid": 486,
                    "ref": "AN2403-0482",
                    "status": 1,
                    "value": "NA",
                    "position": 4,
                    "pictogram": "N\/A",
                    "color": "#2b2b2b",
                    "fk_question": 112
                }
            }
        },
        "113": {
            "rowid": 113,
            "ref": "QU2403-0113",
            "status": 2,
            "type": "Text",
            "label": "Divers-Remarques",
            "description": "",
            "show_photo": null,
            "authorize_answer_photo": true,
            "enter_comment": null
        }
    }
}