{"sheets":{"1":{"rowid":1,"ref":"MO2502-0001","status":2,"type":"control","label":"Audit Interne Qualiopi - V.9 \u2013 8 janvier 2024","description":"Audit Interne bas&eacute; sur le r&eacute;f&eacute;rentiel national&nbsp;Qualit&eacute;&nbsp;Mentionn&eacute; &agrave; l&rsquo;article&nbsp;L.6316-3 du Code du travail.<br \/>\r\n&quot;La certification qualit&eacute; &laquo; Qualiopi, processus certifi&eacute; &raquo; est une attestation d&eacute;livr&eacute;e par une tierce partie (organisme certificateur accr&eacute;dit&eacute; ou en cours d&rsquo;accr&eacute;ditation par le Cofrac ou instance de labellisation reconnue par France Comp&eacute;tences) relative aux processus mis en &oelig;uvre par les organismes de formation, prestataires d&rsquo;actions concourant au d&eacute;veloppement des comp&eacute;tences, vis&eacute;s &agrave; l&rsquo;article L. 6351-1 du code du travail.&quot;","element_linked":"{\"project\":1}","success_rate":null,"mandatory_questions":"[]"}},"element_element":{"1":{"234":1,"235":2,"237":5,"264":8,"263":9,"261":11,"258":14,"256":16,"238":3,"236":4,"239":6,"265":7,"262":10,"260":12,"259":13,"257":15,"255":17,"254":18,"252":20,"251":21,"253":19,"250":22,"248":24,"246":26,"244":28,"243":29,"241":31,"240":32,"242":30,"249":23,"247":25,"245":27}},"questions":{"1":{"rowid":1,"ref":"QU2502-0001","status":2,"type":"OkKoToFixNonApplicable","label":"Crit\u00e8re 1 - Question 1","description":"<strong>Crit&egrave;re 1 : Les conditions d&rsquo;information du public sur les prestations propos&eacute;es, les d&eacute;lais pour y acc&eacute;der et les r&eacute;sultats obtenus<br \/>\r\n1. <\/strong>Le prestataire diffuse une information accessible au public, d&eacute;taill&eacute;e et v&eacute;rifiable sur les prestations propos&eacute;es : pr&eacute;requis, objectifs, dur&eacute;e, modalit&eacute;s et d&eacute;lais d&rsquo;acc&egrave;s, tarifs, contacts, m&eacute;thodes mobilis&eacute;es et modalit&eacute;s d&rsquo;&eacute;valuation, accessibilit&eacute; aux personnes handicap&eacute;es.<br \/>\r\n&nbsp;","show_photo":null,"authorize_answer_photo":true,"enter_comment":true,"answers":{"1":{"rowid":1,"ref":"AN2502-0001","status":1,"value":"OK","position":1,"pictogram":"check","color":"#47e58e","fk_question":1},"2":{"rowid":2,"ref":"AN2502-0002","status":1,"value":"KO","position":2,"pictogram":"times","color":"#e05353","fk_question":1},"3":{"rowid":3,"ref":"AN2502-0003","status":1,"value":"A r\u00e9parer","position":3,"pictogram":"tools","color":"#e9ad4f","fk_question":1},"4":{"rowid":4,"ref":"AN2502-0004","status":1,"value":"NA","position":4,"pictogram":"N\/A","color":"#2b2b2b","fk_question":1}}},"2":{"rowid":2,"ref":"QU2502-0002","status":2,"type":"OkKoToFixNonApplicable","label":"Crit\u00e8re 1 - Question 2","description":"<strong>Crit&egrave;re 1 : Les conditions d&rsquo;information du public sur les prestations propos&eacute;es, les d&eacute;lais pour y acc&eacute;der et les r&eacute;sultats obtenus<br \/>\r\n2.<\/strong>&nbsp;Le prestataire diffuse des indicateurs de r&eacute;sultats adapt&eacute;s &agrave; la nature des prestations mises en &oelig;uvre et des publics accueillis.","show_photo":false,"authorize_answer_photo":true,"enter_comment":true,"answers":{"5":{"rowid":5,"ref":"AN2502-0005","status":1,"value":"OK","position":1,"pictogram":"check","color":"#47e58e","fk_question":2},"6":{"rowid":6,"ref":"AN2502-0006","status":1,"value":"KO","position":2,"pictogram":"times","color":"#e05353","fk_question":2},"7":{"rowid":7,"ref":"AN2502-0007","status":1,"value":"A r\u00e9parer","position":3,"pictogram":"tools","color":"#e9ad4f","fk_question":2},"8":{"rowid":8,"ref":"AN2502-0008","status":1,"value":"NA","position":4,"pictogram":"N\/A","color":"#2b2b2b","fk_question":2}}},"5":{"rowid":5,"ref":"QU2502-0005","status":2,"type":"OkKoToFixNonApplicable","label":"Crit\u00e8re 1 - Question 3","description":"<strong>Crit&egrave;re 1 : Les conditions d&rsquo;information du public sur les prestations propos&eacute;es, les d&eacute;lais pour y acc&eacute;der et les r&eacute;sultats obtenus<\/strong><br \/>\r\n<strong>3.&nbsp;<\/strong>Lorsque le prestataire met en &oelig;uvre des prestations conduisant &agrave; une certification professionnelle, il informe sur les taux d&rsquo;obtention des certifications pr&eacute;par&eacute;es, les possibilit&eacute;s de valider un\/ou des blocs de comp&eacute;tences, ainsi que sur les &eacute;quivalences, passerelles, suites de parcours et les d&eacute;bouch&eacute;s.&nbsp;","show_photo":null,"authorize_answer_photo":true,"enter_comment":true,"answers":{"17":{"rowid":17,"ref":"AN2502-0017","status":1,"value":"OK","position":1,"pictogram":"check","color":"#47e58e","fk_question":5},"18":{"rowid":18,"ref":"AN2502-0018","status":1,"value":"KO","position":2,"pictogram":"times","color":"#e05353","fk_question":5},"19":{"rowid":19,"ref":"AN2502-0019","status":1,"value":"A r\u00e9parer","position":3,"pictogram":"tools","color":"#e9ad4f","fk_question":5},"20":{"rowid":20,"ref":"AN2502-0020","status":1,"value":"NA","position":4,"pictogram":"N\/A","color":"#2b2b2b","fk_question":5}}},"8":{"rowid":8,"ref":"QU2502-0008","status":2,"type":"OkKoToFixNonApplicable","label":"Crit\u00e8re 2 - Question 4","description":"<strong>Crit&egrave;re 2 : L&rsquo;identification pr&eacute;cise des objectifs des prestations propos&eacute;es et l&rsquo;adaptation de ces prestations aux publics b&eacute;n&eacute;ficiaires lors de la conception des prestations<br \/>\r\n4.<\/strong>&nbsp;Le prestataire analyse le besoin du b&eacute;n&eacute;ficiaire en lien avec l&rsquo;entreprise et\/ou le financeur concern&eacute;(s).","show_photo":null,"authorize_answer_photo":true,"enter_comment":true,"answers":{"29":{"rowid":29,"ref":"AN2502-0029","status":1,"value":"OK","position":1,"pictogram":"check","color":"#47e58e","fk_question":8},"30":{"rowid":30,"ref":"AN2502-0030","status":1,"value":"KO","position":2,"pictogram":"times","color":"#e05353","fk_question":8},"31":{"rowid":31,"ref":"AN2502-0031","status":1,"value":"A r\u00e9parer","position":3,"pictogram":"tools","color":"#e9ad4f","fk_question":8},"32":{"rowid":32,"ref":"AN2502-0032","status":1,"value":"NA","position":4,"pictogram":"N\/A","color":"#2b2b2b","fk_question":8}}},"9":{"rowid":9,"ref":"QU2502-0009","status":2,"type":"OkKoToFixNonApplicable","label":"Crit\u00e8re 2 - Question 5","description":"<strong>Crit&egrave;re 2 : L&rsquo;identification pr&eacute;cise des objectifs des prestations propos&eacute;es et l&rsquo;adaptation de ces prestations aux publics b&eacute;n&eacute;ficiaires lors de la conception des prestations<br \/>\r\n5.<\/strong>&nbsp;Le prestataire d&eacute;finit les objectifs op&eacute;rationnels et &eacute;valuables de la prestation.","show_photo":false,"authorize_answer_photo":true,"enter_comment":true,"answers":{"33":{"rowid":33,"ref":"AN2502-0033","status":1,"value":"OK","position":1,"pictogram":"check","color":"#47e58e","fk_question":9},"34":{"rowid":34,"ref":"AN2502-0034","status":1,"value":"KO","position":2,"pictogram":"times","color":"#e05353","fk_question":9},"35":{"rowid":35,"ref":"AN2502-0035","status":1,"value":"A r\u00e9parer","position":3,"pictogram":"tools","color":"#e9ad4f","fk_question":9},"36":{"rowid":36,"ref":"AN2502-0036","status":1,"value":"NA","position":4,"pictogram":"N\/A","color":"#2b2b2b","fk_question":9}}},"11":{"rowid":11,"ref":"QU2502-0011","status":2,"type":"OkKoToFixNonApplicable","label":"Crit\u00e8re 2 - Question 6","description":"<strong>Crit&egrave;re 2 : L&rsquo;identification pr&eacute;cise des objectifs des prestations propos&eacute;es et l&rsquo;adaptation de ces prestations aux publics b&eacute;n&eacute;ficiaires lors de la conception des prestations&nbsp;<br \/>\r\n6. <\/strong>Le prestataire &eacute;tablit les contenus et les modalit&eacute;s de mise en &oelig;uvre de la prestation, adapt&eacute;s aux objectifs d&eacute;finis et aux publics b&eacute;n&eacute;ficiaires.&nbsp;","show_photo":null,"authorize_answer_photo":true,"enter_comment":true,"answers":{"41":{"rowid":41,"ref":"AN2502-0041","status":1,"value":"OK","position":1,"pictogram":"check","color":"#47e58e","fk_question":11},"42":{"rowid":42,"ref":"AN2502-0042","status":1,"value":"KO","position":2,"pictogram":"times","color":"#e05353","fk_question":11},"43":{"rowid":43,"ref":"AN2502-0043","status":1,"value":"A r\u00e9parer","position":3,"pictogram":"tools","color":"#e9ad4f","fk_question":11},"44":{"rowid":44,"ref":"AN2502-0044","status":1,"value":"NA","position":4,"pictogram":"N\/A","color":"#2b2b2b","fk_question":11}}},"14":{"rowid":14,"ref":"QU2502-0014","status":2,"type":"OkKoToFixNonApplicable","label":"Crit\u00e8re 2 - Question 7","description":"<strong>Crit&egrave;re 2 : L&rsquo;identification pr&eacute;cise des objectifs des prestations propos&eacute;es et l&rsquo;adaptation de ces prestations aux publics b&eacute;n&eacute;ficiaires lors de la conception des prestations&nbsp;<br \/>\r\n7. <\/strong>Lorsque le prestataire met en &oelig;uvre des prestations conduisant &agrave; une certification professionnelle, il s&rsquo;assure de l&rsquo;ad&eacute;quation du ou des contenus de la prestation aux exigences de la certification vis&eacute;e.&nbsp;","show_photo":null,"authorize_answer_photo":true,"enter_comment":true,"answers":{"53":{"rowid":53,"ref":"AN2502-0053","status":1,"value":"OK","position":1,"pictogram":"check","color":"#47e58e","fk_question":14},"54":{"rowid":54,"ref":"AN2502-0054","status":1,"value":"KO","position":2,"pictogram":"times","color":"#e05353","fk_question":14},"55":{"rowid":55,"ref":"AN2502-0055","status":1,"value":"A r\u00e9parer","position":3,"pictogram":"tools","color":"#e9ad4f","fk_question":14},"56":{"rowid":56,"ref":"AN2502-0056","status":1,"value":"NA","position":4,"pictogram":"N\/A","color":"#2b2b2b","fk_question":14}}},"16":{"rowid":16,"ref":"QU2502-0016","status":2,"type":"OkKoToFixNonApplicable","label":"Crit\u00e8re 2 - Question 8","description":"<strong>Crit&egrave;re 2 : L&rsquo;identification pr&eacute;cise des objectifs des prestations propos&eacute;es et l&rsquo;adaptation de ces prestations aux publics b&eacute;n&eacute;ficiaires lors de la conception des prestations&nbsp;<br \/>\r\n8.<\/strong>&nbsp;Le prestataire d&eacute;termine les proc&eacute;dures de positionnement et d&rsquo;&eacute;valuation des acquis &agrave; l&rsquo;entr&eacute;e de la prestation.&nbsp;","show_photo":null,"authorize_answer_photo":true,"enter_comment":true,"answers":{"61":{"rowid":61,"ref":"AN2502-0061","status":1,"value":"OK","position":1,"pictogram":"check","color":"#47e58e","fk_question":16},"62":{"rowid":62,"ref":"AN2502-0062","status":1,"value":"KO","position":2,"pictogram":"times","color":"#e05353","fk_question":16},"63":{"rowid":63,"ref":"AN2502-0063","status":1,"value":"A r\u00e9parer","position":3,"pictogram":"tools","color":"#e9ad4f","fk_question":16},"64":{"rowid":64,"ref":"AN2502-0064","status":1,"value":"NA","position":4,"pictogram":"N\/A","color":"#2b2b2b","fk_question":16}}},"3":{"rowid":3,"ref":"QU2502-0003","status":2,"type":"OkKoToFixNonApplicable","label":"Crit\u00e8re 3 - Question 9","description":"<strong>Crit&egrave;re 3 : L&rsquo;adaptation aux publics b&eacute;n&eacute;ficiaires des prestations et des modalit&eacute;s d&rsquo;accueil, d&rsquo;accompagnement, de suivi et d&rsquo;&eacute;valuation mises en &oelig;uvre<br \/>\r\n9.<\/strong> Le prestataire informe les publics b&eacute;n&eacute;ficiaires des conditions de d&eacute;roulement de la prestation.<br \/>\r\n&nbsp;","show_photo":null,"authorize_answer_photo":true,"enter_comment":true,"answers":{"9":{"rowid":9,"ref":"AN2502-0009","status":1,"value":"OK","position":1,"pictogram":"check","color":"#47e58e","fk_question":3},"10":{"rowid":10,"ref":"AN2502-0010","status":1,"value":"KO","position":2,"pictogram":"times","color":"#e05353","fk_question":3},"11":{"rowid":11,"ref":"AN2502-0011","status":1,"value":"A r\u00e9parer","position":3,"pictogram":"tools","color":"#e9ad4f","fk_question":3},"12":{"rowid":12,"ref":"AN2502-0012","status":1,"value":"NA","position":4,"pictogram":"N\/A","color":"#2b2b2b","fk_question":3}}},"4":{"rowid":4,"ref":"QU2502-0004","status":2,"type":"OkKoToFixNonApplicable","label":"Crit\u00e8re 3 - Question 10","description":"<strong>Crit&egrave;re 3 : L&rsquo;adaptation aux publics b&eacute;n&eacute;ficiaires des prestations et des modalit&eacute;s d&rsquo;accueil, d&rsquo;accompagnement, de suivi et d&rsquo;&eacute;valuation mises en &oelig;uvre<br \/>\r\n10.<\/strong> Le prestataire met en &oelig;uvre et adapte la prestation, l&rsquo;accompagnement et le suivi aux publics b&eacute;n&eacute;ficiaires.","show_photo":null,"authorize_answer_photo":true,"enter_comment":true,"answers":{"13":{"rowid":13,"ref":"AN2502-0013","status":1,"value":"OK","position":1,"pictogram":"check","color":"#47e58e","fk_question":4},"14":{"rowid":14,"ref":"AN2502-0014","status":1,"value":"KO","position":2,"pictogram":"times","color":"#e05353","fk_question":4},"15":{"rowid":15,"ref":"AN2502-0015","status":1,"value":"A r\u00e9parer","position":3,"pictogram":"tools","color":"#e9ad4f","fk_question":4},"16":{"rowid":16,"ref":"AN2502-0016","status":1,"value":"NA","position":4,"pictogram":"N\/A","color":"#2b2b2b","fk_question":4}}},"6":{"rowid":6,"ref":"QU2502-0006","status":2,"type":"OkKoToFixNonApplicable","label":"Crit\u00e8re 3 - Question 11","description":"<strong>Crit&egrave;re 3 : L&rsquo;adaptation aux publics b&eacute;n&eacute;ficiaires des prestations et des modalit&eacute;s d&rsquo;accueil, d&rsquo;accompagnement, de suivi et d&rsquo;&eacute;valuation mises en &oelig;uvre<br \/>\r\n11. <\/strong>Le prestataire &eacute;value l&rsquo;atteinte par les publics b&eacute;n&eacute;ficiaires des objectifs de la prestation.<br \/>\r\n&nbsp;","show_photo":null,"authorize_answer_photo":true,"enter_comment":true,"answers":{"21":{"rowid":21,"ref":"AN2502-0021","status":1,"value":"OK","position":1,"pictogram":"check","color":"#47e58e","fk_question":6},"22":{"rowid":22,"ref":"AN2502-0022","status":1,"value":"KO","position":2,"pictogram":"times","color":"#e05353","fk_question":6},"23":{"rowid":23,"ref":"AN2502-0023","status":1,"value":"A r\u00e9parer","position":3,"pictogram":"tools","color":"#e9ad4f","fk_question":6},"24":{"rowid":24,"ref":"AN2502-0024","status":1,"value":"NA","position":4,"pictogram":"N\/A","color":"#2b2b2b","fk_question":6}}},"7":{"rowid":7,"ref":"QU2502-0007","status":2,"type":"OkKoToFixNonApplicable","label":"Crit\u00e8re 3 - Question 12","description":"<strong>Crit&egrave;re 3 : L&rsquo;adaptation aux publics b&eacute;n&eacute;ficiaires des prestations et des modalit&eacute;s d&rsquo;accueil, d&rsquo;accompagnement, de suivi et d&rsquo;&eacute;valuation mises en &oelig;uvre.<br \/>\r\n12.<\/strong> Le prestataire d&eacute;crit et met en &oelig;uvre les mesures pour favoriser l&rsquo;engagement des b&eacute;n&eacute;ficiaires et pr&eacute;venir les ruptures de parcours.","show_photo":null,"authorize_answer_photo":true,"enter_comment":true,"answers":{"25":{"rowid":25,"ref":"AN2502-0025","status":1,"value":"OK","position":1,"pictogram":"check","color":"#47e58e","fk_question":7},"26":{"rowid":26,"ref":"AN2502-0026","status":1,"value":"KO","position":2,"pictogram":"times","color":"#e05353","fk_question":7},"27":{"rowid":27,"ref":"AN2502-0027","status":1,"value":"A r\u00e9parer","position":3,"pictogram":"tools","color":"#e9ad4f","fk_question":7},"28":{"rowid":28,"ref":"AN2502-0028","status":1,"value":"NA","position":4,"pictogram":"N\/A","color":"#2b2b2b","fk_question":7}}},"10":{"rowid":10,"ref":"QU2502-0010","status":2,"type":"OkKoToFixNonApplicable","label":"Crit\u00e8re 3 - Question 13","description":"<strong>Crit&egrave;re 3 : L&rsquo;adaptation aux publics b&eacute;n&eacute;ficiaires des prestations et des modalit&eacute;s d&rsquo;accueil, d&rsquo;accompagnement, de suivi et d&rsquo;&eacute;valuation mises en &oelig;uvre<br \/>\r\n13.<\/strong> Pour les formations en alternance, le prestataire, en lien avec l&rsquo;entreprise, anticipe avec l&rsquo;apprenant les missions confi&eacute;es, &agrave; court, moyen et long terme, et assure la coordination et la progressivit&eacute; des apprentissages r&eacute;alis&eacute;s en centre de formation et en entreprise.","show_photo":null,"authorize_answer_photo":true,"enter_comment":true,"answers":{"37":{"rowid":37,"ref":"AN2502-0037","status":1,"value":"OK","position":1,"pictogram":"check","color":"#47e58e","fk_question":10},"38":{"rowid":38,"ref":"AN2502-0038","status":1,"value":"KO","position":2,"pictogram":"times","color":"#e05353","fk_question":10},"39":{"rowid":39,"ref":"AN2502-0039","status":1,"value":"A r\u00e9parer","position":3,"pictogram":"tools","color":"#e9ad4f","fk_question":10},"40":{"rowid":40,"ref":"AN2502-0040","status":1,"value":"NA","position":4,"pictogram":"N\/A","color":"#2b2b2b","fk_question":10}}},"12":{"rowid":12,"ref":"QU2502-0012","status":2,"type":"OkKoToFixNonApplicable","label":"Crit\u00e8re 3 - Question 14","description":"<strong>Crit&egrave;re 3 : L&rsquo;adaptation aux publics b&eacute;n&eacute;ficiaires des prestations et des modalit&eacute;s d&rsquo;accueil, d&rsquo;accompagnement, de suivi et d&rsquo;&eacute;valuation mises en &oelig;uvre.<br \/>\r\n14.<\/strong> Le prestataire met en &oelig;uvre un accompagnement socio-professionnel, &eacute;ducatif et relatif &agrave; l&rsquo;exercice de la citoyennet&eacute;.","show_photo":null,"authorize_answer_photo":true,"enter_comment":true,"answers":{"45":{"rowid":45,"ref":"AN2502-0045","status":1,"value":"OK","position":1,"pictogram":"check","color":"#47e58e","fk_question":12},"46":{"rowid":46,"ref":"AN2502-0046","status":1,"value":"KO","position":2,"pictogram":"times","color":"#e05353","fk_question":12},"47":{"rowid":47,"ref":"AN2502-0047","status":1,"value":"A r\u00e9parer","position":3,"pictogram":"tools","color":"#e9ad4f","fk_question":12},"48":{"rowid":48,"ref":"AN2502-0048","status":1,"value":"NA","position":4,"pictogram":"N\/A","color":"#2b2b2b","fk_question":12}}},"13":{"rowid":13,"ref":"QU2502-0013","status":2,"type":"OkKoToFixNonApplicable","label":"Crit\u00e8re 3 - Question 15","description":"<strong>Crit&egrave;re 3 : L&rsquo;adaptation aux publics b&eacute;n&eacute;ficiaires des prestations et des modalit&eacute;s d&rsquo;accueil, d&rsquo;accompagnement, de suivi et d&rsquo;&eacute;valuation mises en &oelig;uvre<br \/>\r\n15.<\/strong> Le prestataire informe les apprentis de leurs droits et devoirs en tant qu&rsquo;apprentis et salari&eacute;s ainsi que des r&egrave;gles applicables en mati&egrave;re de sant&eacute; et de s&eacute;curit&eacute; en milieu professionnel.","show_photo":null,"authorize_answer_photo":true,"enter_comment":true,"answers":{"49":{"rowid":49,"ref":"AN2502-0049","status":1,"value":"OK","position":1,"pictogram":"check","color":"#47e58e","fk_question":13},"50":{"rowid":50,"ref":"AN2502-0050","status":1,"value":"KO","position":2,"pictogram":"times","color":"#e05353","fk_question":13},"51":{"rowid":51,"ref":"AN2502-0051","status":1,"value":"A r\u00e9parer","position":3,"pictogram":"tools","color":"#e9ad4f","fk_question":13},"52":{"rowid":52,"ref":"AN2502-0052","status":1,"value":"NA","position":4,"pictogram":"N\/A","color":"#2b2b2b","fk_question":13}}},"15":{"rowid":15,"ref":"QU2502-0015","status":2,"type":"OkKoToFixNonApplicable","label":"Crit\u00e8re 3 - Question 16","description":"<strong>Crit&egrave;re 3 : L&rsquo;adaptation aux publics b&eacute;n&eacute;ficiaires des prestations et des modalit&eacute;s d&rsquo;accueil, d&rsquo;accompagnement, de suivi et d&rsquo;&eacute;valuation mises en &oelig;uvre.<br \/>\r\n16.<\/strong> Lorsque le prestataire met en &oelig;uvre des formations conduisant &agrave; une certification professionnelle, il s&rsquo;assure que les conditions de pr&eacute;sentation des b&eacute;n&eacute;ficiaires &agrave; la certification respectent les exigences formelles de l&rsquo;autorit&eacute; de certification.","show_photo":null,"authorize_answer_photo":true,"enter_comment":true,"answers":{"57":{"rowid":57,"ref":"AN2502-0057","status":1,"value":"OK","position":1,"pictogram":"check","color":"#47e58e","fk_question":15},"58":{"rowid":58,"ref":"AN2502-0058","status":1,"value":"KO","position":2,"pictogram":"times","color":"#e05353","fk_question":15},"59":{"rowid":59,"ref":"AN2502-0059","status":1,"value":"A r\u00e9parer","position":3,"pictogram":"tools","color":"#e9ad4f","fk_question":15},"60":{"rowid":60,"ref":"AN2502-0060","status":1,"value":"NA","position":4,"pictogram":"N\/A","color":"#2b2b2b","fk_question":15}}},"17":{"rowid":17,"ref":"QU2502-0017","status":2,"type":"OkKoToFixNonApplicable","label":"Crit\u00e8re 4 - Question 17","description":"<strong>Crit&egrave;re 4 : L&rsquo;ad&eacute;quation des moyens p&eacute;dagogiques, techniques et d&rsquo;encadrement aux prestations mises en &oelig;uvre<br \/>\r\n17.<\/strong> Le prestataire met &agrave; disposition ou s&rsquo;assure de la mise &agrave; disposition des moyens humains et techniques adapt&eacute;s et d&rsquo;un environnement appropri&eacute; (conditions, locaux, &eacute;quipements, plateaux techniques&hellip;).","show_photo":null,"authorize_answer_photo":true,"enter_comment":true,"answers":{"65":{"rowid":65,"ref":"AN2502-0065","status":1,"value":"OK","position":1,"pictogram":"check","color":"#47e58e","fk_question":17},"66":{"rowid":66,"ref":"AN2502-0066","status":1,"value":"KO","position":2,"pictogram":"times","color":"#e05353","fk_question":17},"67":{"rowid":67,"ref":"AN2502-0067","status":1,"value":"A r\u00e9parer","position":3,"pictogram":"tools","color":"#e9ad4f","fk_question":17},"68":{"rowid":68,"ref":"AN2502-0068","status":1,"value":"NA","position":4,"pictogram":"N\/A","color":"#2b2b2b","fk_question":17}}},"18":{"rowid":18,"ref":"QU2502-0018","status":2,"type":"OkKoToFixNonApplicable","label":"Crit\u00e8re 4 - Question 18","description":"<strong>Crit&egrave;re 4 : L&rsquo;ad&eacute;quation des moyens p&eacute;dagogiques, techniques et d&rsquo;encadrement aux prestations mises en &oelig;uvre<br \/>\r\n18.<\/strong> Le prestataire mobilise et coordonne les diff&eacute;rents intervenants internes et\/ou externes (p&eacute;dagogiques, administratifs, logistiques, commerciaux&hellip;).","show_photo":null,"authorize_answer_photo":true,"enter_comment":true,"answers":{"69":{"rowid":69,"ref":"AN2502-0069","status":1,"value":"OK","position":1,"pictogram":"check","color":"#47e58e","fk_question":18},"70":{"rowid":70,"ref":"AN2502-0070","status":1,"value":"KO","position":2,"pictogram":"times","color":"#e05353","fk_question":18},"71":{"rowid":71,"ref":"AN2502-0071","status":1,"value":"A r\u00e9parer","position":3,"pictogram":"tools","color":"#e9ad4f","fk_question":18},"72":{"rowid":72,"ref":"AN2502-0072","status":1,"value":"NA","position":4,"pictogram":"N\/A","color":"#2b2b2b","fk_question":18}}},"20":{"rowid":20,"ref":"QU2502-0020","status":2,"type":"OkKoToFixNonApplicable","label":"Crit\u00e8re 4 - Question 19","description":"<strong>Crit&egrave;re 4 : L&rsquo;ad&eacute;quation des moyens p&eacute;dagogiques, techniques et d&rsquo;encadrement aux prestations mises en &oelig;uvre<br \/>\r\n19.<\/strong> Le prestataire met &agrave; disposition du b&eacute;n&eacute;ficiaire des ressources p&eacute;dagogiques et permet &agrave; celuici de se les approprier.","show_photo":null,"authorize_answer_photo":true,"enter_comment":true,"answers":{"77":{"rowid":77,"ref":"AN2502-0077","status":1,"value":"OK","position":1,"pictogram":"check","color":"#47e58e","fk_question":20},"78":{"rowid":78,"ref":"AN2502-0078","status":1,"value":"KO","position":2,"pictogram":"times","color":"#e05353","fk_question":20},"79":{"rowid":79,"ref":"AN2502-0079","status":1,"value":"A r\u00e9parer","position":3,"pictogram":"tools","color":"#e9ad4f","fk_question":20},"80":{"rowid":80,"ref":"AN2502-0080","status":1,"value":"NA","position":4,"pictogram":"N\/A","color":"#2b2b2b","fk_question":20}}},"21":{"rowid":21,"ref":"QU2502-0021","status":2,"type":"OkKoToFixNonApplicable","label":"Crit\u00e8re 4 - Question 20","description":"<strong>Crit&egrave;re 4 : L&rsquo;ad&eacute;quation des moyens p&eacute;dagogiques, techniques et d&rsquo;encadrement aux prestations mises en &oelig;uvre<br \/>\r\n20. <\/strong>Le prestataire dispose d&rsquo;un personnel d&eacute;di&eacute; &agrave; l&rsquo;appui &agrave; la mobilit&eacute; nationale et internationale, d&rsquo;un r&eacute;f&eacute;rent handicap et d&rsquo;un conseil de perfectionnement.<br \/>\r\n<br \/>\r\n&nbsp;","show_photo":null,"authorize_answer_photo":null,"enter_comment":null,"answers":{"81":{"rowid":81,"ref":"AN2502-0081","status":1,"value":"OK","position":1,"pictogram":"check","color":"#47e58e","fk_question":21},"82":{"rowid":82,"ref":"AN2502-0082","status":1,"value":"KO","position":2,"pictogram":"times","color":"#e05353","fk_question":21},"83":{"rowid":83,"ref":"AN2502-0083","status":1,"value":"A r\u00e9parer","position":3,"pictogram":"tools","color":"#e9ad4f","fk_question":21},"84":{"rowid":84,"ref":"AN2502-0084","status":1,"value":"NA","position":4,"pictogram":"N\/A","color":"#2b2b2b","fk_question":21}}},"19":{"rowid":19,"ref":"QU2502-0019","status":2,"type":"OkKoToFixNonApplicable","label":"Crit\u00e8re 5 - Question 21","description":"<strong>Crit&egrave;re 5 : La qualification et le d&eacute;veloppement des connaissances et comp&eacute;tences des personnels charg&eacute;s de mettre en &oelig;uvre les prestations<br \/>\r\n21.<\/strong> Le prestataire d&eacute;termine, mobilise et &eacute;value les comp&eacute;tences des diff&eacute;rents intervenants internes et\/ou externes, adapt&eacute;es aux prestations.","show_photo":null,"authorize_answer_photo":true,"enter_comment":true,"answers":{"73":{"rowid":73,"ref":"AN2502-0073","status":1,"value":"OK","position":1,"pictogram":"check","color":"#47e58e","fk_question":19},"74":{"rowid":74,"ref":"AN2502-0074","status":1,"value":"KO","position":2,"pictogram":"times","color":"#e05353","fk_question":19},"75":{"rowid":75,"ref":"AN2502-0075","status":1,"value":"A r\u00e9parer","position":3,"pictogram":"tools","color":"#e9ad4f","fk_question":19},"76":{"rowid":76,"ref":"AN2502-0076","status":1,"value":"NA","position":4,"pictogram":"N\/A","color":"#2b2b2b","fk_question":19}}},"22":{"rowid":22,"ref":"QU2502-0022","status":2,"type":"OkKoToFixNonApplicable","label":"Crit\u00e8re 5 - Question 22","description":"<strong>Crit&egrave;re 5 : La qualification et le d&eacute;veloppement des connaissances et comp&eacute;tences des personnels charg&eacute;s de mettre en &oelig;uvre les prestations<br \/>\r\n22. <\/strong>Le prestataire entretient et d&eacute;veloppe les comp&eacute;tences de ses salari&eacute;s, adapt&eacute;es aux prestations qu&rsquo;il d&eacute;livre.&nbsp;<br \/>\r\n&nbsp;","show_photo":null,"authorize_answer_photo":true,"enter_comment":true,"answers":{"85":{"rowid":85,"ref":"AN2502-0085","status":1,"value":"OK","position":1,"pictogram":"check","color":"#47e58e","fk_question":22},"86":{"rowid":86,"ref":"AN2502-0086","status":1,"value":"KO","position":2,"pictogram":"times","color":"#e05353","fk_question":22},"87":{"rowid":87,"ref":"AN2502-0087","status":1,"value":"A r\u00e9parer","position":3,"pictogram":"tools","color":"#e9ad4f","fk_question":22},"88":{"rowid":88,"ref":"AN2502-0088","status":1,"value":"NA","position":4,"pictogram":"N\/A","color":"#2b2b2b","fk_question":22}}},"24":{"rowid":24,"ref":"QU2502-0024","status":2,"type":"OkKoToFixNonApplicable","label":"Crit\u00e8re 6 - Question 23","description":"<strong>Crit&egrave;re 6 : L&rsquo;inscription et l&rsquo;investissement du prestataire dans son environnement professionnel<\/strong><br \/>\r\n<strong>23.<\/strong> Le prestataire r&eacute;alise une veille l&eacute;gale et r&eacute;glementaire sur le champ de la formation professionnelle et en exploite les enseignements.","show_photo":null,"authorize_answer_photo":true,"enter_comment":true,"answers":{"93":{"rowid":93,"ref":"AN2502-0093","status":1,"value":"OK","position":1,"pictogram":"check","color":"#47e58e","fk_question":24},"94":{"rowid":94,"ref":"AN2502-0094","status":1,"value":"KO","position":2,"pictogram":"times","color":"#e05353","fk_question":24},"95":{"rowid":95,"ref":"AN2502-0095","status":1,"value":"A r\u00e9parer","position":3,"pictogram":"tools","color":"#e9ad4f","fk_question":24},"96":{"rowid":96,"ref":"AN2502-0096","status":1,"value":"NA","position":4,"pictogram":"N\/A","color":"#2b2b2b","fk_question":24}}},"26":{"rowid":26,"ref":"QU2502-0026","status":2,"type":"OkKoToFixNonApplicable","label":"Crit\u00e8re 6 - Question 24","description":"<strong>Crit&egrave;re 6 : L&rsquo;inscription et l&rsquo;investissement du prestataire dans son environnement professionnel<br \/>\r\n24. <\/strong>Le prestataire r&eacute;alise une veille sur les &eacute;volutions des comp&eacute;tences, des m&eacute;tiers et des emplois dans ses secteurs d&rsquo;intervention et en exploite les enseignements.","show_photo":null,"authorize_answer_photo":true,"enter_comment":true,"answers":{"101":{"rowid":101,"ref":"AN2502-0101","status":1,"value":"OK","position":1,"pictogram":"check","color":"#47e58e","fk_question":26},"102":{"rowid":102,"ref":"AN2502-0102","status":1,"value":"KO","position":2,"pictogram":"times","color":"#e05353","fk_question":26},"103":{"rowid":103,"ref":"AN2502-0103","status":1,"value":"A r\u00e9parer","position":3,"pictogram":"tools","color":"#e9ad4f","fk_question":26},"104":{"rowid":104,"ref":"AN2502-0104","status":1,"value":"NA","position":4,"pictogram":"N\/A","color":"#2b2b2b","fk_question":26}}},"28":{"rowid":28,"ref":"QU2502-0028","status":2,"type":"OkKoToFixNonApplicable","label":"Crit\u00e8re 6 - Question 25","description":"<strong>Crit&egrave;re 6 : L&rsquo;inscription et l&rsquo;investissement du prestataire dans son environnement professionnel<br \/>\r\n25. <\/strong>Le prestataire r&eacute;alise une veille sur les innovations p&eacute;dagogiques et technologiques permettant une &eacute;volution de ses prestations et en exploite les enseignements.<br \/>\r\n&nbsp;","show_photo":null,"authorize_answer_photo":true,"enter_comment":true,"answers":{"109":{"rowid":109,"ref":"AN2502-0109","status":1,"value":"OK","position":1,"pictogram":"check","color":"#47e58e","fk_question":28},"110":{"rowid":110,"ref":"AN2502-0110","status":1,"value":"KO","position":2,"pictogram":"times","color":"#e05353","fk_question":28},"111":{"rowid":111,"ref":"AN2502-0111","status":1,"value":"A r\u00e9parer","position":3,"pictogram":"tools","color":"#e9ad4f","fk_question":28},"112":{"rowid":112,"ref":"AN2502-0112","status":1,"value":"NA","position":4,"pictogram":"N\/A","color":"#2b2b2b","fk_question":28}}},"29":{"rowid":29,"ref":"QU2502-0029","status":2,"type":"OkKoToFixNonApplicable","label":"Crit\u00e8re 6 - Question 26","description":"<strong>Crit&egrave;re 6 : L&rsquo;inscription et l&rsquo;investissement du prestataire dans son environnement professionnel<br \/>\r\n26.<\/strong> Le prestataire mobilise les expertises, outils et r&eacute;seaux n&eacute;cessaires pour accueillir, accompagner\/former ou orienter les publics en situation de handicap.","show_photo":null,"authorize_answer_photo":true,"enter_comment":true,"answers":{"113":{"rowid":113,"ref":"AN2502-0113","status":1,"value":"OK","position":1,"pictogram":"check","color":"#47e58e","fk_question":29},"114":{"rowid":114,"ref":"AN2502-0114","status":1,"value":"KO","position":2,"pictogram":"times","color":"#e05353","fk_question":29},"115":{"rowid":115,"ref":"AN2502-0115","status":1,"value":"A r\u00e9parer","position":3,"pictogram":"tools","color":"#e9ad4f","fk_question":29},"116":{"rowid":116,"ref":"AN2502-0116","status":1,"value":"NA","position":4,"pictogram":"N\/A","color":"#2b2b2b","fk_question":29}}},"31":{"rowid":31,"ref":"QU2502-0031","status":2,"type":"OkKoToFixNonApplicable","label":"Crit\u00e8re 6 - Question 27","description":"<strong>Crit&egrave;re 6 : L&rsquo;inscription et l&rsquo;investissement du prestataire dans son environnement professionnel<br \/>\r\n27. <\/strong>Lorsque le prestataire fait appel &agrave; la sous-traitance ou au portage salarial, il s&rsquo;assure du respect de la conformit&eacute; au pr&eacute;sent r&eacute;f&eacute;rentiel.<br \/>\r\n&nbsp;","show_photo":null,"authorize_answer_photo":true,"enter_comment":true,"answers":{"121":{"rowid":121,"ref":"AN2502-0121","status":1,"value":"OK","position":1,"pictogram":"check","color":"#47e58e","fk_question":31},"122":{"rowid":122,"ref":"AN2502-0122","status":1,"value":"KO","position":2,"pictogram":"times","color":"#e05353","fk_question":31},"123":{"rowid":123,"ref":"AN2502-0123","status":1,"value":"A r\u00e9parer","position":3,"pictogram":"tools","color":"#e9ad4f","fk_question":31},"124":{"rowid":124,"ref":"AN2502-0124","status":1,"value":"NA","position":4,"pictogram":"N\/A","color":"#2b2b2b","fk_question":31}}},"32":{"rowid":32,"ref":"QU2502-0032","status":2,"type":"OkKoToFixNonApplicable","label":"Crit\u00e8re 6 - Question 28","description":"<strong>Crit&egrave;re 6 : L&rsquo;inscription et l&rsquo;investissement du prestataire dans son environnement professionnel<br \/>\r\n28. <\/strong>Lorsque les prestations dispens&eacute;es au b&eacute;n&eacute;ficiaire comprennent des p&eacute;riodes de formation en situation de travail, le prestataire mobilise son r&eacute;seau de partenaires socio-&eacute;conomiques pour coconstruire l&rsquo;ing&eacute;nierie de formation et favoriser l&rsquo;accueil en entreprise.&nbsp;","show_photo":null,"authorize_answer_photo":true,"enter_comment":true,"answers":{"125":{"rowid":125,"ref":"AN2502-0125","status":1,"value":"OK","position":1,"pictogram":"check","color":"#47e58e","fk_question":32},"126":{"rowid":126,"ref":"AN2502-0126","status":1,"value":"KO","position":2,"pictogram":"times","color":"#e05353","fk_question":32},"127":{"rowid":127,"ref":"AN2502-0127","status":1,"value":"A r\u00e9parer","position":3,"pictogram":"tools","color":"#e9ad4f","fk_question":32},"128":{"rowid":128,"ref":"AN2502-0128","status":1,"value":"NA","position":4,"pictogram":"N\/A","color":"#2b2b2b","fk_question":32}}},"30":{"rowid":30,"ref":"QU2502-0030","status":2,"type":"OkKoToFixNonApplicable","label":"Crit\u00e8re 6 - Question 29","description":"<strong>Crit&egrave;re 6 : L&rsquo;inscription et l&rsquo;investissement du prestataire dans son environnement professionnel<br \/>\r\n29. <\/strong>Le prestataire d&eacute;veloppe des actions qui concourent &agrave; l&rsquo;insertion professionnelle ou la poursuite d&rsquo;&eacute;tude par la voie de l&rsquo;apprentissage ou par toute autre voie permettant de d&eacute;velopper leurs connaissances et leurs comp&eacute;tences.&nbsp;","show_photo":null,"authorize_answer_photo":true,"enter_comment":true,"answers":{"117":{"rowid":117,"ref":"AN2502-0117","status":1,"value":"OK","position":1,"pictogram":"check","color":"#47e58e","fk_question":30},"118":{"rowid":118,"ref":"AN2502-0118","status":1,"value":"KO","position":2,"pictogram":"times","color":"#e05353","fk_question":30},"119":{"rowid":119,"ref":"AN2502-0119","status":1,"value":"A r\u00e9parer","position":3,"pictogram":"tools","color":"#e9ad4f","fk_question":30},"120":{"rowid":120,"ref":"AN2502-0120","status":1,"value":"NA","position":4,"pictogram":"N\/A","color":"#2b2b2b","fk_question":30}}},"23":{"rowid":23,"ref":"QU2502-0023","status":2,"type":"OkKoToFixNonApplicable","label":"Crit\u00e8re 7 - Question 30","description":"<strong>Crit&egrave;re 7 : Le recueil et la prise en compte des appr&eacute;ciations et des r&eacute;clamations formul&eacute;es par les parties prenantes aux prestations d&eacute;livr&eacute;es<br \/>\r\n30.<\/strong>&nbsp;Le prestataire recueille les appr&eacute;ciations des parties prenantes : b&eacute;n&eacute;ficiaires, financeurs, &eacute;quipes p&eacute;dagogiques et entreprise concern&eacute;es.&nbsp;","show_photo":null,"authorize_answer_photo":true,"enter_comment":true,"answers":{"89":{"rowid":89,"ref":"AN2502-0089","status":1,"value":"OK","position":1,"pictogram":"check","color":"#47e58e","fk_question":23},"90":{"rowid":90,"ref":"AN2502-0090","status":1,"value":"KO","position":2,"pictogram":"times","color":"#e05353","fk_question":23},"91":{"rowid":91,"ref":"AN2502-0091","status":1,"value":"A r\u00e9parer","position":3,"pictogram":"tools","color":"#e9ad4f","fk_question":23},"92":{"rowid":92,"ref":"AN2502-0092","status":1,"value":"NA","position":4,"pictogram":"N\/A","color":"#2b2b2b","fk_question":23}}},"25":{"rowid":25,"ref":"QU2502-0025","status":2,"type":"OkKoToFixNonApplicable","label":"Crit\u00e8re 7 - Question 31","description":"<strong>Crit&egrave;re 7 : Le recueil et la prise en compte des appr&eacute;ciations et des r&eacute;clamations formul&eacute;es par les parties prenantes aux prestations d&eacute;livr&eacute;es<br \/>\r\n31.<\/strong> Le prestataire met en &oelig;uvre des modalit&eacute;s de traitement des difficult&eacute;s rencontr&eacute;es par les parties prenantes, des r&eacute;clamations exprim&eacute;es par ces derni&egrave;res, des al&eacute;as survenus en cours de prestation.&nbsp;","show_photo":null,"authorize_answer_photo":true,"enter_comment":true,"answers":{"97":{"rowid":97,"ref":"AN2502-0097","status":1,"value":"OK","position":1,"pictogram":"check","color":"#47e58e","fk_question":25},"98":{"rowid":98,"ref":"AN2502-0098","status":1,"value":"KO","position":2,"pictogram":"times","color":"#e05353","fk_question":25},"99":{"rowid":99,"ref":"AN2502-0099","status":1,"value":"A r\u00e9parer","position":3,"pictogram":"tools","color":"#e9ad4f","fk_question":25},"100":{"rowid":100,"ref":"AN2502-0100","status":1,"value":"NA","position":4,"pictogram":"N\/A","color":"#2b2b2b","fk_question":25}}},"27":{"rowid":27,"ref":"QU2502-0027","status":2,"type":"OkKoToFixNonApplicable","label":"Crit\u00e8re 7 - Question 32","description":"<strong>Crit&egrave;re 7 : Le recueil et la prise en compte des appr&eacute;ciations et des r&eacute;clamations formul&eacute;es par les parties prenantes aux prestations d&eacute;livr&eacute;es<br \/>\r\n32. <\/strong>Le prestataire met en &oelig;uvre des mesures d&rsquo;am&eacute;lioration &agrave; partir de l&rsquo;analyse des appr&eacute;ciations et des r&eacute;clamations.&nbsp;","show_photo":null,"authorize_answer_photo":true,"enter_comment":true,"answers":{"105":{"rowid":105,"ref":"AN2502-0105","status":1,"value":"OK","position":1,"pictogram":"check","color":"#47e58e","fk_question":27},"106":{"rowid":106,"ref":"AN2502-0106","status":1,"value":"KO","position":2,"pictogram":"times","color":"#e05353","fk_question":27},"107":{"rowid":107,"ref":"AN2502-0107","status":1,"value":"A r\u00e9parer","position":3,"pictogram":"tools","color":"#e9ad4f","fk_question":27},"108":{"rowid":108,"ref":"AN2502-0108","status":1,"value":"NA","position":4,"pictogram":"N\/A","color":"#2b2b2b","fk_question":27}}}}}