{
    "sheets": {
        "8": {
            "rowid": 8,
            "ref": "MO2309-0008",
            "status": 2,
            "label": "Contr\u00f4le \u00e9quipement de premiers secours - EPS",
            "description": "Contr&ocirc;le &eacute;quipement de premiers secours - EPS",
            "element_linked": "{\"productlot\":1}",
            "mandatory_questions": "{}"
        }
    },
    "element_element": {
        "8": [
            59,
            60
        ]
    },
    "questions": {
        "59": {
            "rowid": 59,
            "ref": "QU2309-0058",
            "status": 2,
            "type": "OkKoToFixNonApplicable",
            "label": "Pr\u00e9sence mat\u00e9riel de premiers secours",
            "description": "<a href=\"https:\/\/www.legifrance.gouv.fr\/codes\/article_lc\/LEGIARTI000018532205\" target=\"_blank\">Code du travail : R4224-14<\/a><br \/>\r\nLes lieux de travail sont &eacute;quip&eacute;s d&#39;un mat&eacute;riel de premiers secours adapt&eacute; &agrave; la nature des risques et facilement accessible.<br \/>\r\n<br \/>\r\n&nbsp;",
            "show_photo": false,
            "authorize_answer_photo": true,
            "enter_comment": true,
            "answers": {
                "189": {
                    "rowid": 189,
                    "ref": "AN2309-0175",
                    "status": 1,
                    "value": "OK",
                    "position": 1,
                    "pictogram": "check",
                    "color": "#47e58e",
                    "fk_question": 59
                },
                "190": {
                    "rowid": 190,
                    "ref": "AN2309-0176",
                    "status": 1,
                    "value": "KO",
                    "position": 2,
                    "pictogram": "times",
                    "color": "#e05353",
                    "fk_question": 59
                },
                "191": {
                    "rowid": 191,
                    "ref": "AN2309-0177",
                    "status": 1,
                    "value": "A r\u00e9parer",
                    "position": 3,
                    "pictogram": "tools",
                    "color": "#e9ad4f",
                    "fk_question": 59
                },
                "192": {
                    "rowid": 192,
                    "ref": "AN2309-0178",
                    "status": 1,
                    "value": "NA",
                    "position": 4,
                    "pictogram": "N\/A",
                    "color": "#2b2b2b",
                    "fk_question": 59
                }
            }
        },
        "60": {
            "rowid": 60,
            "ref": "QU2309-0059",
            "status": 2,
            "type": "OkKoToFixNonApplicable",
            "label": "Contr\u00f4le des dates de p\u00e9remption",
            "description": "Contr&ocirc;le des dates de p&eacute;remption",
            "show_photo": false,
            "authorize_answer_photo": true,
            "enter_comment": true,
            "answers": {
                "193": {
                    "rowid": 193,
                    "ref": "AN2309-0179",
                    "status": 1,
                    "value": "OK",
                    "position": 1,
                    "pictogram": "check",
                    "color": "#47e58e",
                    "fk_question": 60
                },
                "194": {
                    "rowid": 194,
                    "ref": "AN2309-0180",
                    "status": 1,
                    "value": "KO",
                    "position": 2,
                    "pictogram": "times",
                    "color": "#e05353",
                    "fk_question": 60
                },
                "195": {
                    "rowid": 195,
                    "ref": "AN2309-0181",
                    "status": 1,
                    "value": "A r\u00e9parer",
                    "position": 3,
                    "pictogram": "tools",
                    "color": "#e9ad4f",
                    "fk_question": 60
                },
                "196": {
                    "rowid": 196,
                    "ref": "AN2309-0182",
                    "status": 1,
                    "value": "NA",
                    "position": 4,
                    "pictogram": "N\/A",
                    "color": "#2b2b2b",
                    "fk_question": 60
                }
            }
        }
    }
}